4gram,count
cd!T,7878
d!Th,7878
!Thi,7878
This,31512
his ,39390
is p,7878
s pr,7878
 pro,23634
prog,15756
rogr,39390
ogra,39390
gram,15756
ram ,15756
am c,7878
m ca,7878
 can,7878
cann,39390
anno,7878
nnot,7878
not ,78780
ot b,7878
t be,7878
 be ,7878
be r,7878
e ru,7878
 run,15756
run ,7878
un i,7878
n in,7878
 in ,31512
in D,7878
n DO,7878
 DOS,7878
DOS ,7878
OS m,7878
S mo,7878
 mod,7878
mode,15756
@.re,7878
.rel,7878
relo,7878
fft.,7878
ft.P,7878
t.Ph,7878
D$HS,7878
$HSU,7878
HSUV,23634
dT$ ,23634
T$ R,23634
$ RU,15756
 RUU,15756
dD$ ,31512
D$ P,31512
$ PU,15756
$ Ph,7878
ecHS,15756
cHSU,15756
$ PS,7878
dT$L,15756
T$LR,7878
$LRV,7878
dD$H,7878
D$HP,7878
$HPV,7878
T$Lj,7878
$Lj.,7878
bT$H,7878
T$Hu,7878
$HuQ,7878
ecDS,7878
cDSU,7878
DSUV,7878
ec$S,7878
c$SU,7878
$SUV,7878
=vkL,7878
vkLH,7878
kLHt,7878
LHtn,7878
Htn=,7878
tn=g,7878
n=go,7878
=goL,7878
$ RP,7878
"bT$,",7878
"T$,W",7878
"$,WR",7878
",WRW",7878
WRWW,7878
RWWW,7878
WWWW,94536
eb(h,7878
b(h?,7878
(h?/,7878
ffSj,15756
fSj?,15756
Sj?j,15756
j?j@,15756
ffPj,15756
fPjm,7878
Pjmh,7878
eb j,15756
b jm,7878
 jmh,7878
ebkW,7878
bkWW,7878
kWWW,7878
ffv ,7878
fv W,7878
v Wh,7878
ffVh,15756
fVh?,15756
Vh?/,15756
ecVW,7878
cVWh,7878
VWh?,7878
Wh?/,7878
b@ S,7878
@ Sh,7878
 Shy,7878
Shy(,7878
ecWV,7878
cWVW,7878
WVWW,7878
ecQQ,31512
cQQS,31512
QQSV,31512
eb@Q,7878
b@QP,7878
@QPQ,7878
HVt@,7878
Vt@H,7878
t@Ht,7878
@HtW,7878
HtWH,7878
tWHu,7878
ffSS,275730
fSSS,275730
SSSS,307242
SSSh,7878
SShP,7878
ShPu,7878
tbIt,7878
bItD,7878
ItDI,7878
ejWW,7878
jWWW,7878
fPj?,7878
Pj?h,7878
b j?,7878
 j?h,7878
QSVW,15756
@PVh,7878
PVhG,7878
VhGQ,7878
ffVV,196950
fVVV,196950
VVVV,212706
cs%j,7878
s%j.,7878
%j.Z,7878
ebI=,7878
bI=c,7878
I=cs,7878
ebvS,7878
bvSS,7878
vSSS,7878
HHtX,7878
HtXH,7878
tXHH,7878
HHtY,7878
HtYH,7878
tYHH,7878
ffWW,55146
fWWW,55146
tGHt,7878
GHt.,7878
Ht.H,7878
t.Ht,7878
dbSS,31512
bSSS,31512
ffj@,7878
fj@j,7878
j@j ,7878
@j ^,7878
ji_j,7878
i_jd,7878
_jdZ,7878
fcIt,7878
cIt.,7878
It.I,7878
t.It,7878
.It+,7878
It+I,7878
t+It,7878
+It!,7878
It!I,7878
ffjd,7878
fjd_,7878
jd_F,7878
VVVQ,7878
VVQR,7878
VQRS,7878
QRSS,7878
ffu),15756
fu)j,15756
u)jA,15756
)jAX,15756
ecSV,7878
cSVW,7878
SVWU,7878
HHt*,7878
Ht*H,7878
t*HH,7878
YPWh,7878
PWh ,7878
Wh @,7878
fbDu,7878
bDu ,7878
Du h,7878
u hD,7878
 hDC,7878
eeFt,7878
"eFt,",7878
"Ft,N",7878
tNtF,7878
NtFN,7878
tFNt,7878
FNt#,7878
Nt#N,7878
t#Nu,7878
dcPh,15756
cPhP,7878
PhPD,7878
cPhD,7878
PhDD,7878
dC P,7878
C Pj,7878
 PjP,7878
dC$P,7878
C$Pj,7878
$PjQ,7878
dC*P,7878
C*Pj,7878
*PjT,7878
dC+P,7878
C+Pj,7878
+PjU,7878
"dC,P",7878
"C,Pj",7878
",PjV",7878
dC-P,7878
C-Pj,7878
-PjW,7878
dC.P,7878
C.Pj,7878
.PjR,7878
dC/P,7878
C/Pj,7878
/PjS,7878
teHt,7878
eHtF,7878
HtFH,7878
tFHt,7878
FHt&,7878
Ht&H,7878
"ff~,",7878
"f~,W",7878
"~,WP",7878
ff@Y,7878
f@Y@,7878
@Y@P,7878
bad ,15756
ad a,7878
d al,7878
 all,7878
allo,15756
lloc,15756
loca,55146
ocat,15756
cati,86641
atio,281651
amt_,7878
mt_a,7878
t_as,7878
_ass,7878
asse,63024
sset,7878
Soft,63024
oftw,63024
ftwa,63024
twar,63024
Comm,68532
ommo,38626
mmon,38626
monF,7878
onFi,17453
nFil,17453
File,406052
Exch,30111
xcha,30111
chan,30111
hang,53683
ange,55084
nge-,23634
ge-B,7878
e-Ba,7878
-Bas,7878
ge-P,15756
e-Pr,15756
Acro,141804
croT,31512
roTr,31512
oTra,39390
DocO,7878
ocOp,7878
cOpe,7878
Noti,31129
otif,31129
tifi,23617
ific,23617
fica,23617
icat,109413
bIns,7878
Inst,22479
nsta,22479
stal,15756
tall,15756
alle,7878
lled,7878
ledC,7878
edCl,7878
dCle,7878
Clea,7878
lean,7878
eanu,7878
anup,7878
nupC,7878
upCh,7878
pChe,7878
Chec,46304
heck,46304
eckD,15666
ckDo,7878
kDon,7878
bEna,7878
Enab,68645
nabl,84401
able,99342
bleU,7878
leUs,7878
eUsa,7878
Usag,15756
sage,125970
ageT,15531
geTr,7878
eTra,7878
Trac,30777
rack,30777
acki,7878
ckin,7878
Remi,15756
emin,15756
mind,15756
indT,7878
ndTi,7878
dTim,7878
indC,21203
ndCo,7878
dCou,7878
Coun,45713
OptI,23634
ptIn,15756
tInS,7878
InSt,7878
nSta,7878
Stat,61566
ageM,7878
geMe,7878
eMea,7878
Meas,7878
easu,7878
asur,7878
sure,7878
urem,7878
reme,20619
emen,59109
ount,12872
untr,7878
Comp,59080
ompa,35446
mpan,7878
pany,7878
anyS,7878
nySi,7878
ySiz,7878
Indu,7878
ndus,7878
dust,7878
ustr,23634
JobF,7878
obFu,7878
bFun,7878
Func,15756
unct,31512
ncti,31512
ctio,73167
Adob,47268
dobe,47268
obe ,31512
be A,15756
e Ac,15756
 Acr,23634
crob,118170
roba,118170
Audi,7878
udio,7878
dio_,7878
io_Q,7878
o_Qu,15756
_Qua,15756
Qual,23634
uali,23634
alit,23634
Vide,31512
ideo,31512
deo_,31512
eo_Q,7878
eo_S,7878
o_Si,7878
_Siz,23634
eo_C,15756
o_Co,31512
_Con,31512
Cont,85894
onta,23634
ntai,15756
tain,31512
aine,7878
_Cod,7878
Code,14235
Plac,22734
lace,46368
ace_,7878
ce_H,7878
e_He,7878
_Hea,15756
Head,39390
eade,23634
ader,23634
der_,7878
er_F,7878
r_Fo,7878
_Foo,15756
Foot,15756
oote,7878
oter,7878
ter_,7878
er_O,15756
r_On,7878
_On_,23634
On_N,7878
n_Ne,7878
_New,7878
New_,7878
ew_P,7878
w_Pa,7878
_Pag,15756
Crea,280445
reat,296198
eate,266657
ate_,31512
te_P,7878
e_PD,15756
_PDF,23634
PDF_,39390
DF_T,7878
F_Ta,7878
_Tag,15756
te_B,7878
e_Bo,7878
_Boo,23634
Book,23634
ookm,23634
okma,31512
kmar,23634
mark,23634
Scal,31315
cale,60572
ale_,15756
le_W,7878
e_Wi,7878
_Wid,7878
Wide,17057
ide_,7878
de_C,7878
e_Co,23634
onte,15756
nten,7878
tent,15756
Orie,7878
rien,7878
ient,37586
enta,7878
ntat,7878
tati,78556
Port,7878
ortr,7878
rtra,7878
trai,7878
Land,7878
ands,7878
ndsc,7878
dsca,7878
scap,7878
Page,15756
age_,7878
ge_S,7878
e_Si,23634
Stay,15756
tay_,15756
ay_O,15756
y_On,15756
On_S,15756
n_Sa,15756
_Sam,15756
Same,15756
ame_,15756
me_S,7878
e_Se,7878
_Ser,7878
Serv,47268
erve,47268
me_P,7878
e_Pa,7878
_Pat,7878
Get_,7878
et_E,7878
t_En,7878
_Ent,7878
Enti,7878
ntir,7878
tire,7878
ire_,7878
re_S,7878
_Sit,7878
Numb,7878
umbe,7878
mber,23634
ber_,7878
r_Of,7878
_Of_,7878
Of_L,7878
f_Le,7878
_Lev,7878
Leve,23634
evel,23634
Pres,21555
rese,21555
eset,14625
set_,7878
et_N,7878
t_Na,7878
_Nam,15756
Meta,39326
etad,7878
tada,7878
adat,7878
OCR_,7878
CR_o,7878
R_ou,7878
_out,7878
outp,7878
utpu,23241
tput,15363
put_,7878
ut_s,7878
t_st,7878
_sty,7878
styl,7878
Mono,7878
ono_,7878
no_c,7878
o_co,7878
_com,23634
comp,31512
ompr,23634
mpre,23634
pres,23634
ress,47268
essi,125982
ssio,39390
Colo,59855
olor,30933
lor_,15756
or_c,7878
r_co,7878
Text,145954
ext_,15756
xt_s,7878
t_sh,7878
_sha,7878
shar,7878
harp,7878
arpe,7878
rpen,7878
peni,7878
enin,7878
BGRe,7878
GRem,7878
Remo,38663
emov,38663
mova,7878
Desc,31512
escr,47268
scre,7878
cree,22110
Adap,7878
dapt,7878
apti,7878
ptiv,7878
tive,59851
ive_,7878
ve_c,7878
e_co,7878
Opti,7878
ptim,7878
timi,7878
imiz,7878
mize,7878
ize_,15756
ze_s,7878
e_sc,7878
_sca,7878
scan,7878
anne,31512
nned,7878
ned_,7878
ed_P,7878
d_PD,7878
lity,7878
ity_,7878
ty_s,7878
y_sl,7878
_sli,7878
slid,7878
lide,31512
te_m,15756
e_mu,15756
_mul,15756
mult,23634
ulti,48569
ltip,23634
tipl,23634
iple,23634
ple_,23634
le_p,7878
e_pa,7878
_pac,15756
pack,23570
acka,23634
ckag,23634
le_f,7878
e_fl,7878
_fla,15756
flat,23068
lat_,15756
at_f,15756
t_fi,15756
_fil,15756
file,30732
Appe,23548
ppen,23548
pend,62592
end_,15756
nd_t,15756
d_to,15756
_to_,15756
to_p,7878
o_pa,7878
to_f,7878
o_fl,7878
Pape,7878
aper,7878
perS,7878
erSi,7878
rSiz,7878
Reso,72730
esol,7878
solu,7878
olut,7878
luti,7878
utio,23634
or_M,7878
r_Mo,15756
_Mod,23634
Blac,7878
lack,15756
ack ,7878
ck a,7878
k an,7878
 and,7878
and ,7878
nd w,7878
d wh,7878
 whi,7878
whit,15756
Auto,15756
utom,15756
toma,15756
omat,15756
mati,84942
Gray,15700
rays,7878
aysc,7878
ysca,7878
scal,23634
Fron,7878
ront,7878
ont ,7878
nt S,7878
t Si,7878
 Sid,15756
Both,7878
oth ,7878
th S,7878
h Si,7878
Side,7878
Inve,7878
nver,133848
vert,102336
ert_,86658
rt_b,7878
t_bl,7878
_bla,7878
blac,7878
ack_,7878
ck_a,7878
k_an,7878
_and,7878
and_,7878
nd_w,7878
d_wh,7878
_whi,7878
hite,23634
ite_,7878
te_i,7878
e_im,7878
_ima,7878
imag,15756
mage,115570
User,85622
ser_,7878
er_c,7878
r_ch,7878
_cho,7878
chos,7878
hose,7878
ose_,7878
se_a,7878
e_ac,7878
_acr,7878
acro,7878
obat,102414
bat_,31512
at_U,7878
Data,23634
ata_,7878
ta_t,7878
a_tr,7878
_tra,7878
tran,7878
rans,45411
ansf,23597
nsfe,7878
sfer,7878
fer_,7878
er_m,7878
r_mo,7878
_mod,7878
Scan,23634
nner,31512
ner_,23634
er_M,15756
Mode,15756
r_Ma,7878
_Man,7878
Manu,7878
anuf,7878
nufa,7878
ufac,7878
fact,7878
actu,7878
ctur,23634
ture,39390
er_D,7878
r_Dr,7878
_Dri,7878
Driv,22577
rive,22577
iver,7878
ver_,7878
er_N,15756
r_Na,7878
ble_,39390
le_T,7878
e_Te,7878
_Tex,7878
xt_A,7878
t_Ac,7878
_Acc,15756
Acce,117674
cces,110226
le_C,7878
_Cop,7878
Chan,23572
nges,7878
ges_,7878
es_A,7878
s_Al,7878
_All,15756
Allo,80104
llow,15756
lowe,15756
Prin,39117
rint,39117
inti,7878
ntin,15756
ting,55146
ing_,7878
ng_A,7878
g_Al,7878
Rest,15228
estr,121771
stri,47268
tric,36627
rict,7878
ict_,7878
ct_E,7878
t_Ed,7878
_Edi,7878
Edit,31512
diti,15756
itin,7878
Requ,7878
equi,7878
quir,7878
uire,7878
ire ,7878
re P,7878
e Pa,7878
 Pas,7878
Pass,7878
assw,7878
sswo,7878
swor,7878
Mult,24935
le_P,7878
DF_O,7878
F_Ou,7878
_Out,7878
Outp,15363
Embe,23634
mbed,23634
bed_,15756
ed_S,7878
d_Sc,7878
_Sca,7878
le_I,7878
e_In,15756
_Inf,15756
Open,52142
pen_,7878
en_L,7878
n_La,7878
_Lay,39390
Laye,15756
ayer,15756
yer_,7878
er_P,7878
r_Pa,7878
_Pan,7878
Incl,23634
nclu,23634
clud,31132
lude,31132
ude_,23634
de_O,7878
e_Ob,7878
_Obj,7878
Obje,174607
bjec,182485
ject,109646
ect_,15756
ct_D,7878
t_Da,7878
_Dat,7878
de_L,7878
e_La,7878
Sele,45459
elec,45459
lect,45459
ct_W,7878
t_Wo,15756
_Wor,15756
Work,15756
orks,7878
rksh,7878
kshe,7878
shee,7878
heet,15756
eets,7878
ets_,7878
ts_L,7878
s_La,7878
Layo,39338
ayou,39338
yout,15756
out_,23634
ut_T,7878
t_To,7878
_To_,15756
To_C,15756
Conv,125970
onve,125970
Curr,64971
urre,64971
rren,64971
Warn,7878
arn_,7878
rn_I,7878
n_If,7878
_If_,7878
If_M,7878
f_Mo,7878
Modi,23580
odif,23580
difi,7878
ifie,15756
Ask_,15756
sk_B,15756
k_Be,15756
_Bef,15756
Befo,15756
efor,15756
fore,15756
ore_,15756
re_A,7878
e_Ad,15756
re_D,7878
e_De,7878
_Del,7878
Dele,69964
elet,117232
Main,15756
aint,23634
inta,7878
ain_,7878
in_L,7878
n_Lo,7878
le_A,23634
e_Ar,7878
_Arc,7878
Arch,55146
rchi,55146
chiv,39390
Show,36966
how_,7878
ow_A,7878
w_At,7878
_Att,15756
Atta,23634
ttac,23634
tach,23634
ach_,15756
ch_A,7878
h_As,7878
_As_,7878
As_P,7878
s_PD,7878
DF_B,7878
F_Bu,7878
_But,7878
Butt,78407
utto,78407
de_E,7878
e_Em,7878
_Ema,7878
Emai,15756
mail,15756
ail_,7878
il_A,7878
l_At,7878
achm,7878
chme,7878
hmen,7878
ment,81611
ed_I,7878
d_In,7878
_Ind,7878
Inde,7878
DF_P,7878
F_Pa,7878
_Pac,7878
Pack,7878
DF_L,7878
F_La,7878
ut_o,15756
t_on,7878
_on_,7878
on_P,7878
n_PP,7878
_PPT,7878
PPT_,7878
PT_L,7878
T_La,7878
rt_S,15756
t_Sp,7878
_Spe,7878
Spea,7878
peak,7878
eake,7878
aker,7878
ker_,7878
r_No,7878
_Not,23325
Note,15756
rt_H,15756
t_Hi,7878
_Hid,7878
Hidd,7878
idde,7878
dden,7878
den_,7878
en_S,7878
n_Sl,7878
_Sli,7878
Slid,23634
Save,23333
ave_,7878
ve_A,7878
e_An,7878
_Ani,7878
Anim,23634
nima,23634
imat,23634
tion,329906
rt_M,7878
t_Mu,7878
_Mul,7878
ltim,7878
time,47268
imed,7878
medi,7878
rt_B,7878
t_Bo,7878
t_St,7878
_Sty,7878
Styl,7878
tyle,7878
t_He,7878
eadi,7878
adin,7878
ding,15756
_Adv,7878
Adva,7878
dvan,7878
vanc,7878
ance,12872
nced,7878
ced_,7878
ed_T,7878
d_Ta,7878
Tagg,7878
aggi,7878
ggin,7878
rt_F,7878
t_Fo,15756
oot_,7878
ot_N,7878
t_No,7878
rt_C,15756
t_Cr,15200
_Cro,7878
Cros,7878
ross,7878
oss_,7878
ss_r,7878
s_re,7878
_ref,7878
refe,7878
efer,39022
fere,15756
eren,15756
renc,47268
ence,15756
Prom,15756
romp,15756
ompt,15756
mpt_,15756
pt_E,7878
t_Ex,7878
_Exc,7878
Exce,259361
xcel,7878
cel_,7878
el_S,7878
l_Sh,7878
_She,7878
Shee,15756
Fit_,7878
it_W,7878
orkS,7878
rkSh,7878
kShe,7878
t_Co,7878
_Com,23634
omme,7878
mmen,7878
e_Ac,7878
cess,149929
ssib,86592
sibi,7878
ibil,7878
bili,7878
ilit,7878
Add_,15756
dd_L,7878
d_Li,7878
_Lin,7878
Link,7878
dd_B,7878
d_Bo,7878
ch_S,7878
h_So,7878
_Sou,7878
Sour,7878
ourc,72730
urce,46420
rce_,7878
ce_F,7878
e_Fi,7878
_Fil,15756
PDFe,7878
DFe_,7878
Fe_C,7878
ompl,23634
mpla,55146
plai,15756
lain,15756
PDFa,7878
DFa_,7878
Fa_C,7878
a_Co,7878
rt_D,7878
t_Do,7878
_Doc,7878
Doc_,7878
oc_I,7878
c_In,7878
vers,39390
ersi,91291
rsio,91291
sion,98897
ion_,7878
on_S,7878
n_Se,7878
_Set,7878
Sett,23634
etti,23634
ttin,23634
pt_F,7878
_For,7878
For_,7878
or_F,7878
r_Fi,7878
ilen,7878
lena,7878
enam,7878
View,54149
iew_,7878
ew_R,7878
w_Re,7878
_Res,7878
Resu,14794
esul,23587
Erro,31341
rror,46129
ror_,7878
or_V,7878
r_Va,7878
_Val,7878
Valu,107403
Succ,7878
ucce,7878
ile_,15756
le_S,7878
Size,29257
ze_I,7878
_In_,7878
In_K,7878
Time,133052
ime_,7878
me_T,7878
e_To,7878
Num_,7878
um_P,7878
m_Pa,7878
le_E,7878
e_Ex,7878
_Ext,7878
Exte,31341
xten,31341
tens,31341
ensi,31240
nsio,31240
Vers,51901
Appl,7878
ppli,55146
plic,70040
lica,70040
Feat,15756
eatu,15756
atur,23634
ureL,7878
reLo,7878
eLoc,7878
Lock,29745
ockd,7878
ckdo,7878
kdow,7878
UTCl,7878
TClo,7878
Clos,37944
lose,32395
oseS,7878
seSe,7878
eSes,7878
Sess,15756
UTAd,7878
TAdd,7878
AddT,7878
ddTo,7878
dToG,7878
ToGr,7878
oGro,7878
Grou,15756
UTNe,7878
TNew,7878
NewD,7878
ewDa,7878
wDat,7878
ataG,7878
taGr,7878
aGro,7878
UTLo,7878
TLog,7878
LogE,7878
ogEv,23634
gEve,23634
Even,67009
UTSt,7878
TSta,7878
Star,28044
tart,28044
artS,15755
rtSe,7878
tSes,7878
UTSe,15756
TSet,15756
SetD,23480
etDe,29577
tDem,15756
Demo,15756
emog,15756
mogr,15756
grap,15756
raph,23619
aphi,23619
UTGe,7878
TGet,7878
GetD,97015
SetO,7878
etOp,7878
tOpt,7878
UTOp,7878
TOpt,7878
tInG,7878
InGe,7878
UTIn,7878
TIni,7878
Init,50255
niti,89393
itia,89393
tial,105148
iali,89393
aliz,89393
%d.%,15756
d.%d,7878
.%d.,7878
Shar,7878
hare,7878
ared,7878
red_,7878
ed_D,7878
d_De,7878
_Des,15228
Desi,7878
esig,7878
sign,70902
igne,39390
at_D,15756
t_De,15228
_Dee,7878
Deep,7878
eepE,7878
epEx,7878
pExp,7878
Expl,7878
xplo,7878
plor,7878
lora,7878
orat,78780
rati,63024
t_Di,7878
_Dis,7878
Dist,63024
isti,63024
stil,63024
till,63024
ille,63024
at_V,7878
t_Vi,7878
_Vie,7878
iewe,7878
AMTR,7878
MTRe,7878
TRel,7878
Rele,45456
elea,45456
leas,61212
ease,61212
aseP,7878
sePr,15598
ePro,105067
Prod,39390
rodu,39390
oduc,39390
duct,39390
uctL,39390
ctLi,39390
tLic,39390
Lice,39390
icen,39390
cens,39390
AMTV,7878
MTVa,7878
TVal,7878
Vali,36954
alid,107008
lida,30417
idat,30417
date,37343
ateP,88200
tePr,57622
AMTP,15756
MTPr,15756
TPre,15756
PreV,7878
reVa,7878
eVal,15198
AMTO,7878
MTOb,7878
TObt,7878
Obta,15756
btai,15756
ainP,15756
inPr,15756
nPro,23634
PreO,7878
reOb,7878
eObt,7878
AMT_,23634
MT_P,7878
T_PA,7878
_PAS,7878
PASS,7878
ASSI,7878
SSIV,7878
SIVE,7878
IVE_,7878
VE_A,7878
E_AC,7878
_ACT,15756
ACTI,15756
CTIV,15756
TIVA,15756
IVAT,15756
VATI,15756
ATIO,23634
MT_A,15756
T_AC,7878
TION,15756
ION_,7878
ON_D,7878
N_DI,7878
_DIS,7878
DISA,7878
ISAB,7878
SABL,7878
ABLE,23634
T_AL,7878
_ALL,7878
ALLO,7878
LLOW,7878
LOW_,7878
OW_D,7878
W_DR,7878
_DRA,7878
DRAG,7878
RAGD,7878
AGDR,7878
GDRO,7878
DROP,7878
ROP_,7878
OP_I,7878
P_IN,7878
_INS,7878
INST,7878
NSTA,7878
STAL,7878
PLUG,330876
LUG_,330876
UG_I,330876
G_IN,330876
XFA.,7878
FA.A,7878
A.AP,15756
WEBP,7878
EBPD,7878
BPDF,7878
PDF.,15756
DF.A,15756
F.AP,23634
WEBL,7878
EBLI,7878
BLIN,7878
LINK,7878
INK.,7878
NK.A,7878
K.AP,15756
UPDA,7878
PDAT,7878
DATE,7878
ATER,7878
TER.,7878
ER.A,23634
R.AP,23634
TOUC,7878
OUCH,7878
UCHU,7878
CHUP,7878
HUP.,7878
UP.A,7878
P.AP,15756
SOAP,7878
OAP.,7878
AP.A,7878
SEPS,7878
EPSV,7878
PSVI,7878
SVIE,7878
VIEW,31512
IEW.,15756
EW.A,15756
W.AP,23634
SEND,7878
ENDM,7878
NDMA,7878
DMAI,7878
MAIL,7878
AIL.,7878
IL.A,7878
L.AP,15756
SEAR,7878
EARC,7878
ARCH,7878
RCH.,7878
CH.A,7878
H.AP,7878
SAVE,23634
AVEA,23634
VEAS,23634
EASR,7878
ASRT,7878
SRTF,7878
RTF.,7878
TF.A,7878
REFL,23634
EFLO,7878
FLOW,7878
LOW.,7878
OW.A,7878
PRIN,7878
RINT,7878
INTM,7878
NTME,7878
TME.,7878
ME.A,7878
E.AP,31512
PREF,15756
EFLI,15756
FLIG,15756
LIGH,15756
IGHT,7878
GHT.,7878
HT.A,7878
T.AP,15756
PPKL,7878
PKLI,7878
KLIT,7878
LITE,7878
ITE.,7878
TE.A,7878
PDDO,7878
DDOM,7878
DOM.,7878
OM.A,7878
M.AP,15756
MAKE,7878
AKEA,7878
KEAC,7878
EACC,15756
ACCE,15756
CCES,15756
CESS,15756
ESSI,15756
SSIB,15756
SIBL,7878
IBLE,7878
BLE.,7878
LE.A,7878
LEGA,7878
EGAL,7878
GALP,7878
ALPD,7878
LPDF,7878
HLS.,7878
LS.A,7878
S.AP,31512
FLAT,7878
LATT,7878
ATTE,7878
TTEN,7878
TENE,7878
ENER,7878
NERV,7878
ERVI,7878
RVIE,7878
ESCR,7878
SCRI,7878
CRIP,7878
RIPT,7878
IPT.,7878
PT.A,7878
EBOO,7878
BOOK,7878
OOK.,7878
OK.A,7878
DIST,7878
ISTI,7878
STIL,7878
TILL,7878
ILLE,7878
LLER,7878
LERP,7878
ERPI,7878
RPI.,7878
PI.A,7878
I.AP,7878
DIGS,7878
IGSI,7878
GSIG,7878
SIG.,7878
IG.A,7878
G.AP,23634
CHEC,7878
HECK,7878
ECKE,7878
CKER,15756
KERS,7878
ERS.,7878
RS.A,7878
CATA,7878
ATAL,7878
TALO,7878
ALOG,7878
LOG.,7878
OG.A,7878
ADBC,7878
DBC.,7878
BC.A,7878
C.AP,7878
ACRO,15756
CROF,7878
ROFO,7878
OFOR,7878
FORM,7878
ORM.,7878
RM.A,7878
SIBI,7878
IBIL,7878
BILI,7878
ILIT,7878
LITY,7878
ITY.,7878
TY.A,7878
Y.AP,7878
TABL,15756
BLEP,15756
LEPI,15756
EPIC,15756
PICK,15756
ICKE,15756
KER.,7878
SPEL,15756
PELL,15756
ELLI,15756
LLIN,15756
LING,7878
ING.,7878
NG.A,7878
EASX,15756
ASXM,15756
SXML,7878
XML.,7878
ML.A,7878
PDFC,7878
DFCO,7878
FCON,7878
CONT,7878
ONTR,7878
NTRO,7878
TROL,7878
ROLL,7878
OLLI,7878
LLIB,7878
LIB.,7878
IB.D,15756
B.DL,15756
PICT,15756
ICTU,15756
CTUR,15756
TURE,23634
URET,15756
RETA,15756
ETAS,15756
TASK,15756
ASKS,7878
SKS.,7878
KS.A,7878
PAPE,15756
APER,15756
PERC,15756
ERCA,15756
RCAP,15756
CAPT,15756
APTU,15756
PTUR,15756
URE.,7878
RE.A,7878
MULT,15756
ULTI,15756
LTIM,15756
TIME,15756
IMED,15756
MEDI,15756
EDIA,7878
DIA.,7878
IA.A,7878
IMAG,31512
MAGE,31512
AGEV,15756
GEVI,15756
EVIE,15756
IEWE,15756
EWER,7878
WER.,7878
AGEC,15756
GECO,15756
ECON,15756
CONV,15756
ONVE,15756
NVER,15756
VERS,23634
ERSI,23634
RSIO,23634
SION,15756
ION.,15756
ON.A,7878
N.AP,7878
ANNO,15756
NNOT,15756
NOTA,7878
OTAT,7878
TATI,7878
NOTS,7878
OTS.,7878
TS.A,7878
OPP.,7878
PP.D,7878
P.DL,7878
COOL,7878
OOLT,7878
OLTY,7878
LTYP,7878
TYPE,7878
YPE.,7878
PE.D,7878
E.DL,15756
BIB.,7878
AGM.,7878
GM.D,7878
M.DL,7878
ACE.,7878
CE.D,7878
CROB,7878
ROBA,7878
OBAT,7878
BAT.,7878
AT.E,7878
T.EX,7878
Migr,7878
igra,7878
grat,7878
rate,23634
ateU,7878
teUs,7878
eUse,7878
serR,7878
erRe,7878
rReg,7878
Regi,53994
egis,77411
gist,77411
istr,7878
bat ,55146
at D,47268
t Di,47268
 Dis,47268
Spoo,15756
pool,15756
oole,15756
oled,15756
ledJ,15756
edJo,15756
dJob,15756
MAPI,7878
APIS,7878
PISe,7878
ISen,7878
Send,30432
endM,22878
ndMa,7878
dMai,7878
allP,7878
llPa,22393
lPat,22393
GetS,159279
etSa,15455
tSav,15455
aveF,15455
veFi,30597
eFil,72063
ileN,34074
leNa,34074
eNam,34074
ailJ,7878
ilJo,7878
lJob,7878
howC,7878
owCo,7878
wCon,7878
ionS,15753
onSe,7878
nSet,7878
ings,19495
ngsD,7878
gsDi,7878
sDia,15374
Dial,140553
ialo,140553
inva,31512
nval,70054
vali,70054
lid ,31512
id m,7878
d ma,7878
 map,7878
map/,15756
ap/s,15756
p/se,15756
 ite,110292
iter,110292
tera,110292
erat,133496
rato,133496
 too,15756
too ,15756
oo l,15756
o lo,23634
 lon,15756
tePD,7878
eadL,15079
adLi,25051
dLig,7878
Ligh,7878
Inva,38542
id D,7878
d Da,7878
 Dat,7878
ngeW,7878
geWi,7878
eWin,73407
Wind,427095
indo,427095
ndow,306198
dowM,15369
owMe,15369
wMes,15369
Mess,123360
essa,123360
ssag,123360
ageF,7878
geFi,7878
Filt,17453
ilte,17453
DllG,15755
llGe,15755
lGet,23582
GetV,49555
etVe,21211
tVer,29089
obeP,7878
bePD,7878
ePDF,7878
PDFS,7878
DFSe,7878
FSet,7878
inte,57790
nter,70145
terJ,7878
erJo,7878
rJob,7878
JobC,7878
obCo,7878
bCon,7878
ontr,62260
ntro,62260
ller,7878
lerP,7878
erPr,13677
rPri,7878
terF,7878
erFo,7878
rFon,7878
Font,31065
ontC,7878
ntCa,7878
tCac,7878
Cach,7878
ffCI,7878
fCIn,7878
CInv,23634
lidA,23634
idAr,23634
dArg,23634
ArgE,23634
rgEx,23634
gExc,23634
xcep,282995
cept,282995
epti,282995
ptio,298751
CNot,23634
NotS,23634
otSu,23634
tSup,23634
Supp,23634
uppo,47268
ppor,47268
port,93539
orte,23634
rted,23634
tedE,39390
edEx,55442
dExc,39686
CMem,23634
Memo,23634
emor,23634
mory,23634
oryE,23634
ryEx,30177
yExc,23634
CSim,31512
Simp,31512
impl,39390
mple,39390
pleE,23634
leEx,70902
eExc,123738
CExc,23634
COle,23634
OleE,23634
GetC,156580
etCl,76086
tCla,46159
Clas,163399
lass,163402
assO,7877
ssOb,7877
sObj,7877
CObj,23634
Deac,7860
eact,7860
acti,7860
ctiv,51934
tiva,15717
ivat,54327
vate,46449
ateA,31172
teAc,31172
eAct,31433
ActC,39308
ctCt,39308
Acti,44074
aseA,7859
seAc,7859
tCtx,15732
Afxm,7878
fxmR,7878
xmRe,7878
mRel,7878
aseM,7878
seMa,7878
eMan,7878
Mana,23634
anag,47268
nage,47268
aged,31512
gedR,7878
edRe,7878
dRef,7878
Refe,7878
iste,69533
ster,61655
terT,7815
erTy,31435
rTyp,31435
Type,82597
ypeL,7815
peLi,7815
eLib,12816
LibF,7815
ibFo,7815
bFor,7815
ForU,7815
orUs,7815
rUse,39327
CArc,31512
hive,31512
iveE,23634
veEx,31458
CFil,63024
ileE,23634
tify,23251
ifyW,15728
fyWi,7866
yWin,14450
WinE,7866
inEv,7866
nEve,7866
CWin,47268
WinT,15756
inTh,15756
nThr,15756
Thre,98499
hrea,122133
CMap,44404
MapP,15756
apPt,15756
pPtr,15756
PtrT,15756
trTo,15756
rToP,15756
ToPt,31512
CPtr,31512
PtrL,15756
trLi,15756
rLis,15756
CByt,15756
Byte,20278
yteA,15756
teAr,15756
eArr,15756
Arra,86658
CPal,7878
Pale,15318
alet,15318
lett,15318
CBit,23634
Bitm,53518
itma,53518
CGdi,15756
GdiO,15756
diOb,15756
iObj,15756
CPai,15756
Pain,29537
intD,15756
dowD,22984
CCli,15756
Clie,36844
lien,36844
entD,45565
CUse,23634
serE,23634
erEx,31486
rExc,23634
CRes,23634
esou,64852
sour,64852
rceE,23634
ceEx,23634
GetL,39907
etLa,39352
tLay,15704
SetL,13198
GetM,126963
etMo,36576
tMon,15391
Moni,46293
onit,46293
nito,46293
itor,46293
torI,15391
orIn,23115
rInf,23259
Info,155424
Enum,61646
numD,15685
umDi,15685
mDis,15685
Disp,30730
ispl,23563
spla,23563
play,15685
layD,7872
ayDe,7872
yDev,7872
Devi,14831
evic,22709
vice,46343
ices,39384
layM,23544
ayMo,7813
yMon,7813
torF,23089
orFr,23089
rFro,23089
From,84724
romP,30642
omPo,14886
mPoi,14886
Poin,48702
romR,7709
omRe,7709
mRec,7709
romW,15551
omWi,15551
mWin,15551
DISP,7878
ISPL,7878
SPLA,7878
nitC,14992
itCo,14992
tCom,21264
monC,14992
onCo,14992
nCon,14992
trol,46504
rols,7507
olsE,7507
nitN,7878
itNe,7878
tNet,7878
Netw,47268
etwo,47268
twor,47268
work,7878
orkA,7878
rkAd,7878
kAdd,7878
Addr,10802
ddre,10802
dres,10802
essC,23634
ssCo,7878
sCon,7878
FHtm,7878
Html,7878
tmlH,7878
mlHe,7878
lHel,7878
Help,15677
hhct,7878
hctr,7878
ctrl,7878
trl.,7878
rl.o,7878
l.oc,7878
CCmd,23634
CmdT,15756
mdTa,15756
dTar,15756
Targ,15756
arge,23634
CDoc,39390
DocM,15756
ocMa,15756
cMan,15756
WinA,15756
inAp,15756
Find,72634
indA,15602
ndAc,7875
dAct,7875
CtxS,7875
txSe,7875
xSec,7875
Sect,33786
ecti,41655
onSt,7875
nStr,7875
Stri,221895
trin,253455
ring,245739
bedd,7878
eddi,7878
ddin,7878
Unre,39173
nreg,39173
regs,15756
egse,31512
gser,31512
serv,31512
rver,23634
verP,15756
erPe,31512
rPer,31512
PerU,31512
erUs,31512
regi,23417
terP,15756
Regs,15756
etSy,61677
tSys,61677
Syst,107602
yste,107602
stem,107602
temD,14980
emDe,7725
mDef,7725
Defa,30325
efau,38203
faul,38203
ault,38203
ultU,15428
ltUI,15428
tUIL,15428
UILa,15428
ILan,15428
Lang,23247
angu,23247
ngua,23247
guag,23247
GetU,30484
etUs,30484
tUse,46232
serD,14797
erDe,14797
rDef,14797
CDia,15756
ileD,63024
leDi,63024
eDia,78601
Name,86718
feSH,7878
eSHC,7878
SHCr,7878
HCre,7878
ateI,14601
teIt,7878
eIte,7878
Item,99871
temF,23634
emFr,22749
mFro,15756
omPa,7878
mPar,22709
Pars,7878
arsi,7878
rsin,7878
sing,15756
ingN,7878
ngNa,7878
gNam,7878
PtrA,23634
trAr,23634
rArr,23634
CToo,55146
Tool,55146
oolB,31512
olBa,47268
CCom,94536
monD,15756
onDi,15756
nDia,15756
CCon,15756
rolB,15756
CFra,15756
Fram,47268
rame,85733
ameW,47268
meWn,47268
Imag,99814
ageL,76616
geLi,76616
eLis,84494
List,139640
ist_,60860
st_D,14888
t_Dr,7538
_Dra,7538
st_G,7805
t_Ge,7805
_Get,7805
GetI,7805
etIm,7805
tIma,7805
ageI,7805
geIn,7805
eInf,59224
MapS,28648
apSt,28648
pStr,28648
ingT,83725
ngTo,15756
gToP,15756
CObA,23634
ObAr,23634
bArr,23634
CRic,15756
Rich,15756
ichE,15756
chEd,15756
hEdi,15756
ditC,15756
itCt,15756
tCtr,31512
CIma,15756
CSta,31512
tatu,15756
atus,15756
tusB,15756
usBa,15756
sBar,15756
BarC,31512
arCt,31512
rCtr,63024
lBar,39390
CLis,39390
istC,15756
stCt,15756
CTre,15756
Tree,15756
reeC,15756
eeCt,15756
eCtr,39031
CTab,15756
TabC,15756
abCt,15756
bCtr,15756
CAni,15756
mate,15756
ateC,29749
teCt,15756
CHot,15756
HotK,15756
otKe,15756
tKey,30619
KeyC,15756
eyCt,15756
yCtr,15756
CHea,15756
derC,31512
erCt,31512
Comb,31379
ombo,23634
mboB,23634
boBo,23634
oBox,15756
BoxE,7878
CPro,15756
Prog,23634
ogre,15756
gres,15756
ssCt,15756
sCtr,15756
CSli,15756
ider,15756
CSpi,15756
Spin,22045
pinB,15756
inBu,15756
nBut,15756
tton,39156
tonC,23400
onCt,15756
nCtr,15756
CDra,15756
Drag,38915
ragL,23631
agLi,23631
gLis,23631
istB,31512
stBo,31512
st_C,7322
_Cre,7322
Dest,35113
stro,35113
st_L,7823
t_Lo,7823
_Loa,7823
Load,83849
oadI,22679
adIm,15393
dIma,15393
st_R,7567
t_Re,7567
_Rea,7567
st_W,7577
t_Wr,7577
_Wri,7577
Writ,49231
st_M,7878
t_Me,7878
_Mer,7878
Merg,7878
Make,7875
akeD,7875
keDr,7875
eDra,7875
LBIt,7878
BIte,7878
CMin,31512
Mini,31512
iniD,15756
niDo,15756
iDoc,15756
Dock,39390
ockF,31170
ckFr,15756
kFra,15756
ockB,15756
ckBa,15756
oolT,15756
olTi,15756
lTip,15756
TipC,15756
ipCt,15756
pCtr,15756
IsAp,7877
sApp,7877
AppT,7877
ppTh,7877
pThe,7877
Them,63008
heme,63008
penT,7875
enTh,7875
nThe,7875
emeD,15749
meDa,15749
eDat,23613
oseT,7874
seTh,7874
eThe,7874
Draw,38836
rawT,30958
awTh,15750
wThe,15750
emeB,15751
meBa,15751
eBac,15751
Back,23627
ackg,23627
ckgr,23627
kgro,23627
grou,37506
roun,37506
GetT,57385
etTh,22364
tThe,7877
emeP,23631
mePa,23631
ePar,23631
Part,23632
rtSi,7877
tSiz,7877
IsTh,15755
sThe,15755
ound,21756
undP,7877
ndPa,14765
dPar,7877
arti,7877
rtia,7877
iall,7877
ally,7877
llyT,7877
lyTr,7877
yTra,7877
Tran,37533
ansp,7877
nspa,7877
spar,7877
pare,21452
aren,30230
Pare,22353
rent,64969
entB,7876
ntBa,7876
tBac,7876
artD,15692
rtDe,15681
tDef,15681
Defi,15756
efin,15756
fine,15756
CScr,15756
Scro,83179
crol,83179
roll,83179
ollB,23202
llBa,23202
CSpl,15756
Spli,15756
plit,15756
litB,15756
itBu,15756
tBut,15756
CBut,15756
iniF,15756
niFr,15756
iFra,15756
Unkn,23634
nkno,39390
know,39390
nown,31512
own ,15756
wn e,15756
n ex,7878
 exc,15756
exce,31512
Heap,42753
eapQ,7834
apQu,7834
pQue,7834
Quer,49186
uery,49186
eryI,7834
ryIn,7834
yInf,7834
nfor,61308
form,66302
orma,88393
rmat,83399
CorE,7878
orEx,7878
rExi,7878
Exit,26208
xitP,11579
itPr,11579
tPro,59775
Proc,77636
roce,75782
oces,75782
ad e,7878
d ex,7878
Enco,6609
ncod,14487
code,28935
odeP,19536
dePo,13179
ePoi,18673
oint,41694
Deco,6570
ecod,6570
FlsF,7753
lsFr,13905
sFre,13905
FlsS,7753
lsSe,13269
sSet,13269
SetV,50103
etVa,48146
tVal,48146
FlsG,7752
lsGe,13073
sGet,13073
FlsA,7751
lsAl,13710
sAll,13710
LC_T,7878
C_TI,7878
_TIM,7878
LC_N,7878
C_NU,7878
_NUM,7878
NUME,7878
UMER,7878
MERI,7878
LC_M,7878
C_MO,7878
_MON,7878
MONE,7878
ONET,7878
NETA,7878
ETAR,7878
LC_C,15756
C_CT,7878
_CTY,7878
CTYP,7878
C_CO,7878
_COL,7878
COLL,7878
OLLA,7878
LLAT,7878
()*+,23634
")*+,",23634
"*+,-",23634
"+,-.",23634
?@AB,15756
@ABC,15756
ABCD,39390
BCDE,39390
CDEF,39390
DEFG,39390
EFGH,39390
FGHI,39390
GHIJ,39390
HIJK,39390
IJKL,39390
JKLM,39390
KLMN,39390
LMNO,39390
MNOP,39390
NOPQ,39390
OPQR,39390
PQRS,39390
QRST,39390
RSTU,39390
STUV,39390
TUVW,39390
UVWX,39390
VWXY,39390
abcd,39390
bcde,39390
cdef,39390
defg,39390
efgh,39390
fghi,39390
ghij,39390
hijk,39390
ijkl,39390
jklm,39390
klmn,39390
lmno,39390
mnop,39390
nopq,39390
opqr,39390
pqrs,39390
qrst,39390
rstu,39390
stuv,39390
tuvw,39390
uvwx,39390
vwxy,39390
runt,15756
unti,39390
ntim,39390
ime ,70902
me e,7878
e er,7878
 err,47268
erro,63024
TLOS,7878
LOSS,7878
OSS ,7878
SS e,7878
S er,7878
SING,7878
ING ,7878
NG e,7878
G er,7878
DOMA,7878
OMAI,7878
MAIN,7878
AIN ,7878
IN e,7878
N er,7878
nAn ,7878
An a,7878
n ap,7878
 app,47268
appl,47268
ion ,31512
on h,15756
n ha,15756
 has,15756
has ,15756
as m,7878
s ma,7878
 mad,7878
made,7878
ade ,7878
de a,7878
e an,7878
 an ,23634
an a,7878
n at,7878
 att,7878
atte,23491
ttem,23634
temp,63024
empt,23634
mpt ,23634
pt t,23634
t to,23634
 to ,47268
to l,7878
 loa,15756
load,15756
oad ,7878
ad t,7878
d th,15756
 the,47268
the ,47268
he C,15756
e C ,7878
 C r,7878
C ru,7878
me l,7878
e li,7878
 lib,7878
libr,7878
ibra,37930
brar,37930
rary,25051
ary ,7878
ry i,7878
y in,7878
 inc,7878
inco,7878
ncor,23634
corr,7878
orre,7878
rrec,7878
rect,68260
ectl,7878
ctly,7878
nPle,15756
Plea,15756
ase ,70902
se c,47268
e co,70902
 con,141804
cont,15756
ntac,15756
tact,15756
act ,15756
ct t,15756
t th,15756
he a,15756
e ap,15756
s su,15756
 sup,23634
supp,23634
ort ,23634
rt t,15756
t te,15756
 tea,15756
team,15756
eam ,15756
am f,15756
m fo,15756
 for,86658
for ,70902
or m,15756
r mo,15756
 mor,23634
more,23634
ore ,23634
re i,15756
e in,31512
 inf,23634
info,31512
n- A,15756
- At,15756
 Att,15756
Atte,15756
to u,7878
o us,7878
 use,7878
use ,7878
se M,7878
e MS,7878
 MSI,15756
MSIL,15756
SIL ,7878
IL c,7878
L co,7878
 cod,15756
ode ,15756
de f,7878
e fr,7878
 fro,23634
from,23634
rom ,23634
om t,7878
m th,7878
 thi,7878
this,15756
is a,15756
s as,7878
 ass,7878
ssem,70902
semb,70902
embl,70902
mbly,47268
bly ,15756
ly d,7878
y du,7878
 dur,7878
duri,7878
urin,7878
ing ,102414
ng n,7878
g na,7878
 nat,15756
nati,15756
ativ,15756
ive ,15756
ve c,15756
de i,7878
 ini,55146
init,62008
liza,23634
izat,31512
zati,31512
nThi,23634
is i,15756
s in,15756
 ind,15756
indi,15756
ndic,15756
dica,15756
cate,30650
ates,15756
tes ,15756
es a,15756
s a ,15756
 a b,15756
a bu,15756
 bug,15756
bug ,15756
ug i,15756
g in,15756
in y,15756
n yo,15756
 you,15756
your,15756
our ,15756
ur a,15756
r ap,15756
ion.,7878
on. ,7878
n. I,7878
. It,7878
 It ,7878
It i,7878
t is,7878
 is ,7878
is m,7878
s mo,7878
 mos,7878
most,7878
ost ,7878
st l,7878
t li,7878
 lik,7878
like,7878
ikel,7878
kely,7878
ely ,7878
ly t,7878
y th,7878
he r,7878
e re,7878
 res,7878
resu,15709
sult,15709
ult ,15756
lt o,7878
t of,7878
 of ,7878
of c,7878
f ca,7878
 cal,23634
call,15756
alli,7878
llin,7878
ling,7878
ng a,15756
g an,7878
an M,7878
n MS,7878
SIL-,7878
IL-c,7878
L-co,7878
-com,7878
ompi,7878
mpil,7878
pile,7878
iled,7878
led ,7878
ed (,7878
d (/,7878
 (/c,7878
(/cl,7878
/clr,7878
clr),7878
lr) ,7878
r) f,7878
) fu,7878
 fun,15756
func,15756
on f,7878
n fr,7878
om a,7878
m a ,7878
 a n,7878
a na,7878
cons,126048
onst,118170
nstr,118170
stru,196950
truc,196950
ruct,196950
ucto,189072
ctor,312794
tor ,283608
or o,7878
r or,7878
 or ,7878
or f,15756
r fr,7878
om D,7878
m Dl,7878
 Dll,7878
DllM,7878
llMa,7878
lMai,7878
n- n,55146
- no,55146
 not,70902
ot e,55146
t en,55146
 eno,55146
enou,55146
noug,55146
ough,55146
ugh ,55146
gh s,55146
h sp,55146
 spa,55146
spac,63024
pace,55146
ace ,55146
ce f,55146
e fo,55146
or l,15756
r lo,15756
 loc,15756
ocal,125024
ale ,7878
le i,7878
to i,15756
o in,31512
lize,51019
ize ,15756
ze t,7878
e th,15756
e CR,7878
 CRT,15756
CRT ,15756
RT m,7878
T mo,7878
re t,7878
 tha,7878
than,7878
han ,7878
an o,7878
n on,7878
 onc,7878
once,7878
n- C,7878
- CR,7878
RT n,7878
T no,7878
ot i,7878
t in,15756
n- u,31512
- un,31512
 una,15756
unab,15756
ble ,23634
le t,15756
e to,23634
ze h,7878
e he,7878
 hea,15756
 low,7878
lowi,7878
owio,7878
wio ,7878
io i,15756
or s,7878
r st,7878
 std,7878
stdi,7878
tdio,7878
dio ,7878
n- p,7878
- pu,7878
 pur,7878
pure,7878
ure ,7878
re v,7878
e vi,7878
 vir,7878
virt,23634
irtu,41627
rtua,41627
tual,41627
ual ,31512
al f,7878
l fu,7878
on c,7878
n ca,7878
or _,7878
r _o,7878
 _on,7878
_one,7878
onex,7878
nexi,7878
exit,23634
xit/,7878
it/a,7878
t/at,7878
/ate,7878
atex,15756
texi,15756
xit ,15756
it t,7878
t ta,7878
 tab,7878
tabl,39390
to o,7878
o op,7878
 ope,7878
open,7878
pen ,7878
en c,7878
n co,7878
onso,49764
nsol,49764
sole,49764
ole ,7878
le d,7878
e de,15756
 dev,7878
devi,7878
 une,15756
unex,15756
nexp,15756
expe,15756
xpec,15756
pect,15756
ecte,23634
cted,15756
ted ,23634
ed h,7878
d he,7878
heap,7878
eap ,7878
ap e,7878
p er,7878
ed m,7878
d mu,7878
 mul,7878
ltit,7878
tith,7878
ithr,7878
thre,23634
read,80404
ead ,23634
ad l,7878
d lo,7878
lock,34787
ock ,7878
ck e,7878
k er,7878
or t,7878
r th,7878
 thr,23634
ad d,7878
d da,7878
 dat,23634
s ap,7878
as r,7878
s re,7878
 req,7878
requ,39390
eque,47268
ques,39390
uest,39390
este,47268
sted,39390
ed t,7878
he R,7878
e Ru,7878
 Run,15756
Runt,23634
me t,7878
to t,7878
o te,7878
 ter,7878
term,7878
ermi,12404
rmin,12404
mina,12404
inat,12404
nate,12404
ate ,31512
te i,7878
e it,7878
 it ,7878
it i,7878
in a,7878
n an,7878
an u,7878
n un,7878
 unu,7878
unus,7878
nusu,7878
usua,7878
sual,15756
al w,7878
l wa,7878
 way,7878
or e,7878
r en,7878
 env,7878
envi,7878
nvir,26558
viro,26558
iron,26558
ronm,26558
onme,26558
nmen,26558
or a,15756
r ar,7878
 arg,15756
argu,23634
rgum,23634
gume,23634
umen,31419
n- f,7878
- fl,7878
 flo,7878
floa,7878
loat,7878
oati,7878
atin,7878
ng p,15756
g po,15756
 poi,7878
poin,7878
int ,7878
nt s,7878
t su,7878
rt n,7878
t no,7878
ot l,7878
t lo,7878
oade,7878
Micr,15756
icro,31512
cros,31512
roso,31512
osof,31512
soft,31512
oft ,7878
ft V,7878
t Vi,7878
 Vis,7878
Visu,7878
isua,7878
al C,7878
l C+,7878
 C++,7878
C++ ,7878
++ R,7878
+ Ru,7878
me L,7878
e Li,7878
 Lib,7878
Libr,30052
am n,7878
m na,7878
 nam,15756
name,15756
ame ,7878
me u,7878
e un,7878
 unk,7878
unkn,15756
me E,7878
e Er,7878
 Err,7878
ffGA,7878
fGAI,7878
GAIs,7878
AIsP,7878
IsPr,7878
sPro,7878
esso,23634
ssor,23634
sorF,7878
orFe,7878
rFea,7878
ureP,7878
rePr,7878
ePre,7878
esen,13677
SunM,7878
unMo,7878
nMon,7878
MonT,7878
onTu,7878
nTue,7878
TueW,7878
ueWe,7878
eWed,7878
WedT,7878
edTh,7878
dThu,7878
ThuF,7878
huFr,7878
uFri,7878
FriS,7878
riSa,7878
JanF,7878
anFe,7878
nFeb,7878
FebM,7878
ebMa,7878
bMar,7878
MarA,7878
arAp,7878
rApr,7878
AprM,7878
prMa,7878
rMay,7878
MayJ,7878
ayJu,7878
yJun,7878
JunJ,7878
unJu,7878
nJul,7878
JulA,7878
ulAu,7878
lAug,7878
AugS,7878
ugSe,7878
gSep,7878
SepO,7878
epOc,7878
pOct,7878
OctN,7878
ctNo,7878
tNov,7878
NovD,7878
ovDe,7878
emFu,7878
mFun,7878
 Com,7878
plet,7878
lete,77842
ete ,15756
te O,15756
e Ob,7878
 Obj,7878
ect ,7878
ct L,7878
t Lo,7878
 Loc,7878
Loca,85634
cato,7878
 Cla,63024
ass ,23634
ss H,7878
s Hi,7878
 Hie,7878
Hier,7878
iera,7878
erar,7878
rarc,7878
arch,7878
rchy,7878
chy ,7878
hy D,7878
y De,7878
 Des,23634
scri,39390
crip,39390
ript,39390
ipto,23634
 Bas,15756
Base,39347
se C,15756
e Cl,15756
ss A,7878
s Ar,7878
 Arr,7878
ss D,7878
s De,7878
ptor,7878
r at,7878
 at ,7878
 Typ,7878
ype ,7878
pe D,7878
e De,7878
cal ,39390
al s,23634
l st,23634
 sta,47268
stat,55146
atic,55146
tic ,39390
ic t,7878
c th,7878
ad g,7878
d gu,7878
 gua,15756
guar,15756
mana,23634
ged ,23634
ed v,23634
d ve,23634
 vec,63024
vect,110292
ecto,147356
or c,70902
r co,55146
 cop,39390
copy,47268
opy ,47268
py c,47268
y co,47268
or i,102414
r it,102414
or v,31512
r vb,31512
 vba,31512
vbas,39390
base,47268
dyna,15756
ynam,15756
nami,15756
amic,15756
mic ,15756
ic a,7878
c at,7878
 ate,7878
it d,7878
t de,23634
 des,70902
dest,70902
r fo,15756
ic i,7878
c in,7878
izer,7878
zer ,7878
er f,7878
eh v,39390
h ve,39390
or d,31512
r de,47268
plac,23634
acem,38490
ceme,38490
ent ,23634
nt d,15756
 del,47268
dele,47268
 clo,39390
clos,39390
losu,39390
osur,39390
te c,7878
e cl,7878
omni,7878
mni ,7878
ni c,7878
i ca,7878
alls,7878
llsi,7878
al v,15756
l vf,15756
 vft,15756
vfta,23634
ftab,23634
le c,7878
r cl,23634
udt ,7878
dt r,7878
t re,7878
 ret,7878
retu,7878
etur,7878
turn,7878
urni,7878
rnin,7878
al d,7878
l di,7878
 dis,7878
disp,15756
nt m,7878
t ma,7878
cala,7878
alar,7878
lar ,7878
ar d,7878
leti,15756
etin,15756
ng d,15756
g de,15756
defa,7878
lt c,7878
t co,7878
se d,7878
ic g,7878
c gu,7878
vbta,7878
btab,7878
oper,15663
pera,7878
__un,7878
_una,7878
unal,7878
nali,7878
alig,7878
lign,7878
__re,7878
_res,7878
rest,7878
__cl,7878
_clr,7878
clrc,7878
lrca,7878
rcal,7878
__fa,7878
_fas,7878
fast,7878
astc,7878
stca,7878
tcal,7878
__th,7878
_thi,7878
hisc,7878
isca,7878
__st,7878
_std,7878
stdc,7878
tdca,7878
dcal,7878
__pa,7878
_pas,7878
pasc,7878
asca,7878
__cd,7878
_cde,7878
cdec,7878
__ba,7878
_bas,7878
ased,7878
non-,7878
on-t,7878
n-ty,7878
-typ,15756
type,39390
ype-,7878
pe-t,7878
e-te,7878
-tem,7878
empl,39390
plat,39390
late,60639
ate-,23634
te-p,23634
e-pa,23634
-par,31512
para,31512
aram,54042
amet,38465
mete,38465
unsi,7878
nsig,7878
gned,15756
elli,15756
llip,15756
lips,15756
ipsi,15756
thro,7878
hrow,7878
pin_,7878
in_p,7878
n_pt,7878
anon,7878
nony,7878
onym,7878
nymo,7878
ymou,7878
mous,7878
ous ,7878
us n,7878
s na,7878
ames,7878
mesp,7878
espa,7878
gene,7878
ener,7878
neri,7878
eric,47268
ric-,7878
ic-t,7878
c-ty,7878
eter,22709
n ec,7878
 ecs,7878
cocl,7878
ocla,7878
clas,7878
coin,7878
terf,7878
erfa,7878
rfac,7878
face,7878
exte,7878
xter,7878
tern,31369
prot,7878
rote,7878
otec,7878
tect,23634
priv,7878
riva,38610
te s,15756
e st,15756
ic d,23634
c da,15756
data,15756
ata ,15756
ta m,15756
a me,15756
 mem,15756
memb,15756
embe,39390
ber ,15756
er d,7878
or h,23634
r he,23634
 hel,23634
help,23634
elpe,23634
er c,7878
c de,7878
adju,7878
djus,23006
just,23006
usto,7878
vtor,15756
tord,15756
ordi,15756
rdis,15756
ispe,7878
vola,23634
olat,31512
lati,31512
atil,23634
tile,7878
 vol,7878
UNKN,7878
NKNO,7878
KNOW,7878
wcha,7878
char,7878
har_,7878
?@ab,7878
@abc,7878
dddd,7878
"ddd,",7878
"dd, ",15756
"d, M",7878
", MM",7878
 MMM,7878
MMMM,7878
MMM ,7878
MM d,7878
M dd,7878
" dd,",7878
"d, y",7878
", yy",7878
 yyy,7878
MM/d,7878
M/dd,7878
/dd/,7878
dd/y,7878
Dece,7878
ecem,7878
cemb,7878
Nove,7878
ovem,7878
vemb,7878
Octo,7878
ctob,7878
tobe,7878
Sept,7878
epte,7878
ptem,7878
temb,7878
Febr,7878
ebru,7878
brua,7878
ruar,7878
Janu,7878
anua,7878
nuar,7878
Satu,7878
turd,7878
urda,7878
Thur,7878
hurs,7878
ursd,7878
rsda,7878
Wedn,7878
edne,7878
dnes,7878
nesd,7878
esda,15756
Tues,7878
uesd,7878
unit,15756
nite,15756
ited,15756
ted-,15756
ed-s,7878
d-st,7878
-sta,7878
tate,7878
ed-k,7878
d-ki,7878
-kin,7878
king,7878
ingd,7878
ngdo,7878
rini,15756
inid,15756
nida,15756
idad,15756
dad ,15756
ad &,7878
d & ,7878
 & t,7878
& to,7878
 tob,15756
toba,15756
obag,15756
sout,39390
outh,39390
uth-,15756
th-k,7878
h-ko,7878
-kor,7878
kore,15756
th-a,7878
h-af,7878
-afr,7878
afri,23634
fric,23634
uth ,23634
th k,7878
h ko,7878
 kor,7878
th a,15756
h af,15756
 afr,15756
puer,15756
uert,15756
erto,15756
rto-,7878
to-r,7878
o-ri,7878
-ric,7878
pr-c,7878
r-ch,7878
-chi,15756
chin,55146
pr c,7878
r ch,7878
 chi,7878
new-,7878
ew-z,7878
w-ze,7878
-zea,7878
zeal,7878
eala,7878
alan,7878
hong,15756
ong-,7878
ng-k,7878
g-ko,7878
-kon,7878
holl,7878
olla,7878
llan,7878
grea,7878
eat ,7878
at b,7878
t br,7878
 bri,7878
brit,15756
rita,15756
itai,15756
engl,133926
ngla,7878
glan,7878
amer,39390
meri,39390
swed,7878
wedi,7878
edis,7878
dish,7878
ish-,267852
sh-f,7878
h-fi,7878
-fin,7878
finl,7878
inla,7878
nlan,7878
span,149682
pani,149682
anis,149682
nish,149682
sh-v,7878
h-ve,7878
-ven,7878
vene,7878
enez,7878
nezu,7878
ezue,7878
zuel,7878
sh-u,31512
h-ur,7878
-uru,7878
urug,7878
rugu,7878
ugua,7878
sh-p,31512
h-pu,7878
-pue,7878
rto ,7878
to r,7878
o ri,7878
 ric,15756
h-pe,7878
-per,7878
h-pa,15756
arag,15756
ragu,15756
agua,7878
-pan,7878
pana,7878
anam,7878
sh-n,15756
h-ni,7878
-nic,7878
nica,15756
icar,7878
cara,7878
sh-m,15756
h-mo,7878
-mod,7878
oder,7878
h-me,7878
-mex,7878
mexi,7878
exic,7878
xica,7878
sh-h,7878
h-ho,7878
-hon,15756
hond,7878
ondu,7878
ndur,7878
dura,7878
sh-g,7878
h-gu,7878
-gua,7878
guat,7878
uate,7878
atem,7878
tema,7878
emal,7878
sh-e,23634
h-el,7878
-el ,7878
el s,7878
l sa,7878
 sal,7878
salv,7878
alva,7878
lvad,7878
vado,7878
h-ec,7878
-ecu,7878
ecua,7878
cuad,7878
uado,7878
sh-d,7878
h-do,7878
-dom,7878
domi,7878
omin,7878
mini,7878
inic,7878
ican,23634
can ,15756
an r,7878
n re,7878
 rep,7878
repu,7878
epub,7878
publ,15756
ubli,15756
sh-c,39390
h-co,15756
-cos,7878
cost,7878
osta,7878
sta ,7878
ta r,7878
a ri,7878
-col,7878
colo,7878
olom,7878
lomb,7878
ombi,15623
h-ch,7878
chil,7878
sh-b,15756
h-bo,7878
-bol,7878
boli,7878
oliv,7878
livi,7878
sh-a,23634
h-ar,7878
-arg,7878
rgen,7878
gent,7878
enti,47268
ortu,7878
rtug,7878
tugu,7878
ugue,7878
gues,7878
uese,7878
ese-,39390
se-b,7878
e-br,7878
-bra,7878
braz,7878
razi,7878
azil,7878
zili,7878
ilia,7878
norw,23634
orwe,31512
rweg,31512
wegi,31512
egia,31512
gian,23634
ian-,31512
an-n,7878
n-ny,7878
-nyn,7878
nyno,7878
ynor,15756
nors,15756
an-b,7878
n-bo,7878
-bok,7878
bokm,7878
ital,7878
tali,7878
alia,15756
lian,7878
an-s,15756
n-sw,15756
-swi,23634
swis,23634
iris,7878
rish,7878
h-en,7878
-eng,15756
ngli,126048
glis,126048
germ,31512
erma,31512
rman,36506
man-,31512
an-l,15756
n-lu,7878
-lux,15756
luxe,15756
uxem,15756
xemb,15756
embo,15756
mbou,15756
bour,15756
n-li,7878
-lic,7878
lich,7878
icht,7878
chte,7878
hten,7878
enst,7878
nste,7878
stei,7878
an-a,7878
n-au,7878
-aus,7878
aust,15756
tria,7878
fren,31512
ench,31512
nch-,31512
ch-s,7878
h-sw,7878
ch-l,7878
h-lu,7878
ch-c,7878
h-ca,23634
-can,7878
cana,15756
anad,15756
nadi,15756
adia,15756
ch-b,15756
h-be,23634
-bel,23634
belg,23634
elgi,23634
lgia,23634
lish,102414
h-us,7878
sh-t,7878
h-tr,7878
-tri,7878
ad y,7878
d y ,7878
 y t,7878
y to,7878
sh-s,7878
h-so,7878
-sou,7878
sh-j,7878
h-ja,7878
-jam,7878
jama,7878
amai,7878
maic,7878
sh-i,7878
h-ir,7878
-car,7878
cari,7878
arib,7878
ribb,7878
ibbe,7878
bbea,7878
beli,7878
eliz,7878
h-au,7878
h-am,7878
-ame,7878
rica,31512
dutc,7878
utch,7878
tch-,7878
hine,39390
ines,39390
nese,31512
se-t,7878
e-tr,7878
-tra,7878
trad,7878
radi,7878
adit,7878
itio,23258
iona,7878
se-s,15756
e-si,15756
-sin,7878
inga,7878
ngap,7878
gapo,7878
apor,7878
-sim,7878
simp,7878
mpli,7878
plif,7878
lifi,7878
se-h,7878
e-ho,7878
ongk,7878
ngko,7878
gkon,7878
stra,7878
tral,7878
rali,7878
can-,7878
an-e,7878
n-en,7878
an e,7878
n en,7878
 eng,7878
Norw,7878
an-N,7878
n-Ny,7878
-Nyn,7878
Nyno,7878
GetP,53521
etPr,46973
essW,7654
ssWi,7654
sWin,28539
dowS,7654
owSt,7654
wSta,7654
serO,7815
erOb,7815
rObj,7815
ectI,7815
ctIn,7815
tInf,23571
ageB,13409
geBo,13409
eBox,13409
CONO,7878
ONOU,7878
NOUT,7878
ng t,7878
g to,7878
id s,15756
d st,15756
 str,15756
 pos,7878
posi,7878
osit,15380
siti,15380
g ar,7878
Tray,15756
ray.,7878
ay.p,7878
y.pd,7878
.?AV,929604
?AVb,31512
AVba,31512
Vbad,31512
bad_,31512
ad_a,7878
d_al,7878
_all,7878
loc@,7878
oc@s,7878
c@st,7878
@std,78780
std@,78780
?AVe,7878
AVex,7878
Vexc,7878
ion@,173316
on@s,15756
n@st,15756
?AVC,685386
AVCW,39390
VCWi,31512
.?AU,94536
?AUT,7878
AUTh,7878
UTha,7878
Than,7878
hank,7878
ank_,7878
nk_y,7878
k_yo,7878
_you,7878
you@,7878
ou@D,7878
u@De,7878
@Def,7878
ine_,7878
ne_t,7878
e_th,7878
_the,7878
the_,7878
he_s,7878
e_sy,7878
_sym,7878
symb,7878
ymbo,7878
mbol,7878
bol_,7878
ol__,7878
l__A,7878
__AT,7878
_ATL,7878
ATL_,7878
TL_M,7878
L_MI,7878
_MIX,7878
MIXE,7878
IXED,7878
XED@,7878
?AVl,15756
AVlo,7878
Vlog,7878
logi,7878
ogic,7878
gic_,7878
ic_e,7878
c_er,7878
_err,15756
ror@,15756
or@s,15756
r@st,15756
AVle,7878
Vlen,7878
leng,7878
engt,15409
ngth,15409
gth_,7878
th_e,7878
h_er,7878
?AVo,7878
AVou,7878
Vout,7878
t_of,7878
_of_,7878
of_r,7878
f_ra,7878
_ran,7878
rang,7878
nge@,7878
ge@s,7878
e@st,7878
.PAV,86658
PAVC,94536
AVCM,55146
VCMe,23634
AVCS,70902
VCSi,15756
AVCE,23634
VCEx,15756
AVCO,39390
VCOb,31512
ect@,47268
AVCN,31512
VCNo,23634
AVCI,31512
VCIn,23634
VCOl,15756
AVCA,47268
VCAf,7878
CAfx,7878
AfxS,7878
fxSt,7878
xStr,7878
ingM,23634
ngMg,23634
gMgr,23634
Mgr@,23634
?AUI,78780
AUIA,23634
UIAt,7878
IAtl,7878
AtlS,7878
tlSt,7878
lStr,15756
gr@A,15756
r@AT,15756
@ATL,118170
ATL@,118170
AVCF,55146
VCFi,39390
ile@,7878
?AUC,7878
AUCT,7878
UCTh,7878
CThr,7878
eadD,7878
adDa,7878
dDat,7878
ata@,7878
CNoT,7878
NoTr,7878
ackO,7878
ckOb,14803
kObj,14803
?AV_,31512
AV_A,23634
V_AF,23634
_AFX,23634
AFX_,39390
FX_T,7878
X_TH,7878
_THR,15756
THRE,15756
HREA,15756
READ,15756
EAD_,15756
AD_S,15756
D_ST,15756
_STA,39390
STAT,39390
TATE,39390
ATE@,39390
?AVA,15756
AVAF,15756
VAFX,15756
FX_M,15756
X_MO,15756
_MOD,23634
MODU,23634
ODUL,23634
DULE,23634
ULE_,23634
LE_T,7878
E_TH,7878
LE_S,15756
E_ST,15756
AVCD,55146
VCDl,7878
CDll,7878
DllI,7878
llIs,7878
lIso,7878
Isol,7878
sola,7878
ionW,7878
onWr,7878
nWra,7878
Wrap,31512
rapp,31512
appe,39380
pper,47062
perB,7878
erBa,7878
rBas,7878
ase@,15756
AVCC,86658
VCCo,63024
ComC,7878
omCt,7878
mCtl,7878
CtlW,7878
tlWr,7878
lWra,15756
per@,23634
ommD,7878
mmDl,7878
mDlg,7878
DlgW,7878
lgWr,7878
gWra,7878
VCSh,7878
CShe,7878
Shel,22759
hell,22759
ellW,7878
llWr,7878
FX_B,7878
X_BA,7878
_BAS,7878
BASE,7878
ASE_,7878
SE_M,7878
E_MO,7878
CInn,7878
Inne,7878
nerU,7878
erUn,7878
rUnk,7878
own@,15756
AUIU,7878
UIUn,7878
IUnk,7878
VCAr,23634
CFix,23634
Fixe,23634
ixed,23634
xedS,23634
edSt,23634
dStr,30882
?AV?,86658
AV?$,86658
V?$C,118170
?$CF,15756
$CFi,15756
ngT@,47268
gT@V,15756
T@V?,15756
@V?$,15756
?$CS,31512
$CSt,23634
CStr,23634
gT@_,31512
T@_W,55146
@_WV,47268
_WV?,47268
WV?$,47268
V?$S,23634
?$St,23634
$Str,23634
StrT,23634
trTr,23634
rTra,23634
Trai,47268
rait,47268
aitM,23634
itMF,23634
tMFC,23634
MFC@,23634
FC@_,23634
C@_W,23634
?$Ch,23634
$ChT,23634
ChTr,23634
hTra,23634
aits,23634
itsC,23634
tsCR,23634
sCRT,23634
CRT@,23634
RT@_,23634
@_W@,23634
_W@A,23634
W@AT,23634
TL@@,63024
L@@@,47268
@@@@,47268
@@@A,39390
@@AT,39390
$CSi,7878
pleS,7878
leSt,22938
eStr,44391
ead@,7878
VCCm,15756
rget,7878
get@,7878
VCMa,15756
oPtr,15756
Ptr@,15756
AVCP,39390
VCPt,15756
ist@,31512
AVCB,39390
VCBy,7878
rray,55146
ray@,55146
iveS,7878
veSt,7878
Stre,38816
trea,23634
ream,23634
eam@,23634
AUIS,15756
UISt,7878
IStr,7878
UISe,7878
ISeq,7878
Sequ,7878
quen,7878
uent,7878
ntia,7878
ialS,7878
alSt,7878
AVCR,47268
VCRe,31512
AVCU,15756
VCUs,15756
AVCG,7878
VCGd,7878
VCDC,7878
CDC@,7878
VCCl,7878
ntDC,15756
tDC@,15756
owDC,7878
wDC@,7878
VCPa,7878
VCBr,7878
CBru,7878
Brus,45769
rush,15744
ush@,7878
VCBi,15756
tmap,31236
map@,15756
VCPe,7878
CPen,7878
Pen@,7878
?AVX,31512
AVXA,15756
VXAc,15756
XAcc,15756
sibl,100796
ible,92707
ble@,15756
le@C,7878
e@CW,7878
@CWn,15756
CWnd,23634
Wnd@,47268
bleS,7878
leSe,7878
eSer,7878
ver@,7878
er@C,7878
r@CW,7878
VCWn,7878
FX_H,7878
X_HT,7878
_HTM,7878
HTML,7878
TMLH,7878
MLHE,7878
LHEL,7878
HELP,7878
ELP_,7878
LP_S,7878
P_ST,7878
AVCT,55146
VCTe,7878
CTes,7878
Test,7878
estC,7878
stCm,7878
tCmd,7878
CmdU,23634
mdUI,23634
dUI@,23634
V?$I,7878
?$IA,7878
$IAc,7878
IAcc,23634
bleP,39390
lePr,39390
Prox,39390
roxy,39390
oxyI,7878
xyIm,7878
yImp,7878
Impl,7878
mpl@,7878
pl@V,7878
l@VC,7878
@VCA,15756
VCAc,23634
CAcc,23634
oxy@,31512
xy@A,23634
y@AT,23634
UIAc,15756
AUID,7878
UIDi,7878
IDis,7878
ispa,15045
spat,15045
patc,15045
atch,22892
tch@,7878
?$CM,7878
$CMF,7878
CMFC,7878
MFCC,7878
FCCo,7878
ComO,23634
omOb,31465
mObj,31465
ct@V,7878
t@VC,7878
?$CC,7878
$CCo,7878
ectR,46387
ctRo,15756
tRoo,15756
Root,23586
ootE,7878
otEx,7878
tEx@,7878
Ex@V,7878
x@VC,7878
@VCC,7878
ComS,7878
omSi,7878
mSin,7878
Sing,13110
ingl,13110
ngle,13110
gleT,7878
leTh,7878
eThr,20656
eadM,7878
adMo,7878
dMod,7878
odel,7878
del@,7878
el@A,7878
l@AT,7878
ootB,7878
otBa,7878
tBas,7878
se@A,7878
e@AT,7878
AUIO,7878
UIOl,7878
IOle,7878
OleW,7878
leWi,22632
dow@,7878
AVCH,23634
VCHa,7878
CHan,7878
Hand,69139
andl,78714
ndle,41976
dleM,7878
leMa,7878
eMap,7878
Map@,7878
VCNe,7878
CNew,7878
NewT,7878
ewTy,7878
wTyp,7878
ypeD,7878
peDl,7878
eDlg,7878
Dlg@,7878
VCDi,7878
alog,101810
log@,39390
VCDo,23634
ager,7878
ger@,7878
nApp,7878
App@,7878
omma,14150
mman,14150
mand,14150
andL,14150
ndLi,14150
dLin,14150
Line,14150
ineI,7878
neIn,14783
nfo@,15756
?$CA,15756
$CAr,15756
CArr,15756
VCRg,7878
CRgn,7878
Rgn@,7878
CMen,7878
Menu,137587
enu@,15756
VCFo,7878
CFon,7878
ont@,7878
VCCh,7878
CChe,7878
Chev,7878
hevr,7878
evro,7878
vron,7878
ronO,7878
onOw,7878
nOwn,7878
Owne,15352
wner,7878
nerD,7878
erDr,7878
rDra,7878
rawM,7878
awMe,7878
wMen,7878
AVXF,15756
VXFi,15756
XFil,15756
logE,15756
vent,38287
ents,31512
nts@,31512
ts@C,15756
s@CF,15756
@CFi,15756
AUIF,15756
UIFi,15756
IFil,15756
logC,15756
ogCo,15756
gCon,15756
rolE,15756
olEv,15756
lEve,15756
CRec,7878
Rece,7878
ecen,7878
cent,7878
entF,7878
ntFi,7878
tFil,127576
ileL,7878
leLi,7878
VCTo,31512
Bar@,39390
oolC,7878
olCm,7878
lCmd,7878
?$CT,7878
$CTy,7878
CTyp,7878
yped,7878
pedP,7878
edPt,7878
dPtr,7878
ay@V,7878
y@VC,7878
@VCO,7878
ay@@,7878
y@@P,7878
@@PA,23634
@PAV,7878
ap@@,7878
p@@@,7878
ay@P,7878
y@PA,7878
@PAU,15756
PAUH,15756
AUHW,15756
UHWN,15756
HWND,15756
WND_,15756
ND__,15756
D__@,15756
__@@,15756
_@@P,15756
?$CL,7878
$CLi,7878
st@P,7878
t@PA,7878
VCFr,7878
eWnd,23634
VCDr,7878
tBox,15756
Box@,23634
AVCL,15756
VCLi,15756
Ctrl,117457
trl@,102414
VCSt,15756
VCTr,7878
VCSp,15756
VCSl,7878
VCPr,7878
VCHe,7878
VCHo,7878
VCTa,7878
VCAn,7878
VCRi,7878
VCIm,7878
kBar,7878
VCMi,15756
CReB,7878
ReBa,7878
eBar,7878
tic@,7878
VCBu,7878
ton@,15756
VCEd,7878
CEdi,7878
dit@,7878
VCSc,7878
ockC,7878
ckCo,12603
kCon,7878
ntex,7878
text,7878
ext@,7878
ad_c,7878
d_ca,7878
_cas,7878
cast,7878
ast@,7878
st@s,7878
t@st,23634
ad_t,7878
d_ty,7878
_typ,7878
ypei,7878
peid,7878
eid@,7878
id@s,7878
d@st,7878
AV__,7878
V__n,7878
__no,7878
_non,7878
non_,7878
on_r,7878
n_rt,7878
_rtt,7878
rtti,7878
tti_,7878
ti_o,7878
i_ob,7878
_obj,7878
obje,7878
ct@s,7878
?AVt,7878
AVty,7878
Vtyp,7878
ype_,7878
pe_i,7878
e_in,7878
_inf,7878
ad_e,7878
d_ex,7878
_exc,7878
    ,346632
?AVi,7878
AVin,7878
Vinv,7878
lid_,7878
id_a,7878
d_ar,7878
_arg,7878
ent@,7878
nt@s,7878
ON.d,7878
N.dl,7878
WINS,7878
INSP,7878
NSPO,7878
SPOO,7878
POOL,7878
OOL.,7878
OL.D,7878
L.DR,7878
SHLW,7878
HLWA,7878
LWAP,7878
WAPI,7878
API.,7878
PI.d,7878
I.dl,7878
OLEA,7878
LEAC,7878
ACC.,7878
CC.d,7878
C.dl,7878
etTe,46107
tTex,53750
extE,15627
xtEx,15627
tExt,31199
entP,31934
ntPo,15380
tPoi,7878
ingF,15493
ngFr,15493
gFro,15493
romG,7878
omGU,7878
mGUI,7878
?xml,7878
xml ,7878
ml v,7878
l ve,7878
 ver,23634
 enc,7878
enco,7878
codi,7878
odin,7878
stan,14601
tand,7878
anda,7878
ndal,7878
dalo,7878
alon,7878
lone,7878
ly x,7878
y xm,7878
 xml,15756
xmln,15756
mlns,15756
sche,15756
chem,15756
hema,15756
emas,15756
mas-,15756
as-m,15756
s-mi,15756
-mic,15756
micr,15756
oft-,15756
ft-c,15756
t-co,15756
 man,7878
mani,7878
anif,7878
nife,7878
ifes,7878
fest,7878
estV,7878
stVe,7878
blyI,31512
lyId,31512
yIde,31512
Iden,31512
dent,47268
ntit,31512
tity,15756
ity ,15756
ty v,7878
y ve,7878
proc,15756
sorA,15756
orAr,15756
rArc,15756
chit,15756
itec,15756
ectu,15756
obe.,7878
be.A,7878
e.Ac,7878
.Acr,15756
bat.,7878
at.A,7878
t.Ac,7878
/ass,23634
desc,15756
ipti,15756
at A,7878
t Ac,7878
/des,7878
depe,31512
epen,31512
ende,31512
nden,31512
denc,15756
entA,15756
ntAs,15756
tAss,15756
Asse,15756
ty t,7878
y ty,7878
 typ,7878
oft.,7878
ft.V,7878
 pub,7878
blic,7878
licK,7878
icKe,7878
cKey,7878
KeyT,7878
eyTo,7878
yTok,7878
Toke,7878
oken,7878
/dep,15756
trus,15756
rust,55146
ustI,15756
stIn,15756
nfo ,7878
fo x,7878
o xm,7878
secu,15756
ecur,15756
curi,15756
urit,15756
tedP,15756
edPr,15756
dPri,23042
Priv,46488
rivi,15756
ivil,15756
vile,15756
ileg,15756
lege,15756
dExe,15756
Exec,23068
xecu,23068
ecut,23068
cuti,15756
ionL,15756
onLe,15756
nLev,15756
vel ,7878
el l,7878
l le,7878
 lev,7878
leve,7878
asIn,7878
sInv,7878
Invo,7878
nvok,7878
voke,7878
 uiA,7878
uiAc,7878
iAcc,7878
/req,15756
/sec,7878
/tru,7878
AVI ,7878
VI L,7878
I LI,7878
 LIS,7878
hdrl,7878
drla,7878
rlav,7878
lavi,7878
strl,20794
trls,7878
rlst,7878
lstr,49636
vids,7878
idsR,7878
dsRL,7878
sRLE,7878
?@?K,7878
@?K?,7878
?K?^,7878
K?^?,7878
?^?g,7878
^?g?,7878
?g?n,7878
g?n?,7878
?n?t,7878
=C=Q,7878
C=Q=,7878
=Q=j,7878
f=&=,7878
"=&=,",7878
"&=,=",7878
"=,=C",7878
",=C=",7878
=C=_,7878
C=_=,7878
=_=f,7878
_=f=,7878
=f=n,7878
=B=H,7878
B=H=,7878
=H=N,7878
H=N=,7878
=N=T,7878
N=T=,7878
=T=Z,7878
=f=l,7878
f=l=,7878
=l=r,7878
l=r=,7878
=r=x,7878
=@=V,7878
@=V=,7878
=V=g,7878
?)?.,7878
)?.?,7878
?.?H,7878
=-=K,7878
-=K=,7878
=K=V,7878
K=V=,7878
=V=s,7878
c=/=,7878
=/=I,7878
/=I=,7878
=I=f,7878
I=f=,7878
G=Q=,7878
=Q=^,7878
Q=^=,7878
=^=y,7878
d=(=,7878
=(=-,7878
(=-=,7878
=-==,7878
-===,7878
===G,7878
==G=,7878
=G=N,7878
G=N=,7878
=N=Y,7878
N=Y=,7878
=Y=b,7878
Y=b=,7878
=b=x,7878
f=(=,7878
=(=/,7878
(=/=,7878
=/=J,7878
/=J=,7878
=J=O,7878
J=O=,7878
=O=W,7878
=d=j,7878
d=j=,7878
=j=q,7878
j=q=,7878
=q=w,7878
= =J,7878
 =J=,7878
=J=X,7878
J=X=,7878
=X=^,7878
===O,7878
==O=,7878
=O=m,7878
=?=C,7878
?=C=,7878
=C=G,7878
C=G=,7878
=G=K,7878
G=K=,7878
=K=f,7878
?%?-,7878
%?-?,7878
?-?K,7878
-?K?,7878
?K?S,7878
?@?F,7878
@?F?,7878
?F?L,7878
F?L?,7878
?L?R,7878
L?R?,7878
?R?X,7878
R?X?,7878
?X?^,7878
X?^?,7878
?^?d,7878
^?d?,7878
?d?j,7878
d?j?,7878
?j?p,7878
j?p?,7878
?p?v,7878
?d?h,31512
d?h?,31512
?h?l,31512
h?l?,31512
?l?p,31512
l?p?,31512
?p?t,31512
p?t?,31512
?t?x,39390
c= =,23634
= =$,23634
 =$=,23634
=$=(,23634
$=(=,23634
"=(=,",31512
=@=D,23634
@=D=,23634
=D=H,23634
D=H=,23634
=H=L,15756
H=L=,15756
=L=P,15756
L=P=,15756
=P=T,15756
P=T=,15756
=T=X,23634
c? ?,23634
? ?$,23634
 ?$?,23634
?$?(,23634
$?(?,23634
"?(?,",23634
?@?D,23634
@?D?,23634
?D?H,23634
D?H?,23634
?H?L,23634
H?L?,23634
?L?P,23634
L?P?,23634
?P?T,23634
P?T?,23634
?T?X,23634
=d=h,7878
d=h=,7878
=h=l,15756
h=l=,15756
=l=p,15756
l=p=,15756
=p=t,15756
p=t=,15756
=t=x,15756
c=$=,7878
=$=H,7878
$=H=,7878
=H=X,7878
H=X=,7878
=X=h,7878
X=h=,7878
"(=,=",7878
"=,=D",7878
",=D=",7878
=D=T,7878
D=T=,7878
?d?t,7878
d?t?,7878
=H=P,7878
H=P=,7878
=P=h,7878
P=h=,7878
=h=x,7878
= =L,7878
 =L=,7878
=L=p,7878
"= =,",7878
" =,=",7878
"=,=L",7878
",=L=",7878
=L=X,15756
L=X=,15756
=X=x,15756
?$?H,7878
$?H?,7878
?H?h,7878
H?h?,7878
?h?p,7878
h?p?,7878
?p?x,7878
=D=L,15756
D=L=,15756
=L=T,7878
=$=D,7878
$=D=,7878
=D=P,7878
D=P=,7878
=P=p,7878
P=p=,7878
=p=x,7878
cWes,7878
West,7878
ern ,7878
rn C,7878
n Ca,7878
 Cap,7878
bDur,7878
Durb,7878
urba,7878
rban,7878
banv,7878
anvi,7878
nvil,7878
vill,7878
Thaw,23634
hawt,39390
awte,39390
wte ,15756
te C,7878
e Ce,7878
 Cer,7878
Cert,7878
erti,15663
rtif,7878
te T,7878
e Ti,7878
 Tim,39390
imes,15756
mest,15756
esta,15756
stam,15756
tamp,63024
ampi,47268
mpin,47268
ping,47268
ng C,7878
Syma,133926
yman,157560
mant,157560
ante,157560
ntec,157560
tec ,133926
ec C,78780
c Co,55146
 Cor,55146
Corp,55146
orpo,70902
rpor,70902
pora,70902
ec T,55146
c Ti,31512
me S,31512
e St,31512
 Sta,31512
Stam,47268
ng S,31512
g Se,31512
 Ser,31512
ervi,31512
rvic,31512
ces ,31512
es C,23634
s CA,23634
 CA ,23634
CA -,23634
A - ,23634
//oc,23634
/ocs,23634
ocsp,31512
csp.,31512
sp.t,7878
p.th,7878
.tha,15756
thaw,15756
wte.,15756
te.c,15756
e.co,15756
//cr,23634
/crl,23634
crl.,31512
rl.t,7878
l.th,7878
.com,102414
com/,102414
om/T,7878
m/Th,7878
/Tha,7878
wteT,7878
teTi,7878
eTim,78518
ingC,7878
ngCA,7878
gCA.,7878
CA.c,7878
A.cr,7878
imeS,15756
meSt,15756
eSta,15756
+Sym,7878
es S,7878
s Si,7878
 Sig,7878
Sign,70902
gner,7878
ner ,7878
er -,7878
r - ,7878
//ts,23634
/ts-,23634
ts-o,7878
s-oc,7878
-ocs,7878
sp.w,7878
p.ws,7878
.ws.,23634
ws.s,23634
s.sy,23634
.sym,78780
syma,39390
tec.,23634
ec.c,23634
c.co,23634
ts-a,7878
s-ai,7878
-aia,7878
aia.,7878
ia.w,7878
a.ws,7878
om/t,15756
m/ts,15756
/tss,15756
tss-,15756
ss-c,15756
s-ca,15756
-ca-,15756
ts-c,7878
s-cr,7878
-crl,7878
rl.w,7878
l.ws,7878
eVer,38568
Veri,63024
eriS,63024
riSi,63024
iSig,63024
"ign,",23634
"gn, ",23634
"n, I",23634
", In",39390
 Inc,39390
.Cla,7878
ign ,31512
gn T,15756
n Tr,15756
 Tru,39390
Trus,39390
ust ,39390
st N,39390
t Ne,39390
 Net,39390
gn C,15756
n Cl,15756
rl.v,15756
l.ve,15756
.ver,47268
veri,47268
eris,47268
risi,47268
isig,47268
ign.,47268
gn.c,47268
n.co,47268
om/p,15756
m/pc,15756
//ww,23634
/www,23634
www.,23634
ww.v,7878
w.ve,7878
om/c,23634
m/cp,23634
tima,7878
age/,7878
ge/g,7878
e/gi,7878
//lo,7878
/log,7878
logo,15756
ogo.,15756
go.v,7878
o.ve,7878
om/v,7878
m/vs,7878
/vsl,7878
vslo,7878
slog,7878
go.g,7878
o.gi,7878
sp.v,15756
p.ve,15756
c Tr,23634
c Cl,23634
ww.s,15756
w.sy,15756
ymau,15756
maut,15756
auth,15756
uth.,15756
th.c,15756
h.co,15756
om/r,15756
m/rp,15756
ignM,7878
gnMP,7878
nMPK,7878
MPKI,7878
bP)l,7878
P)l+,7878
)l+x,7878
Dela,15756
elaw,15756
lawa,15756
awar,15756
e Or,7878
 Org,7878
Orga,7878
rgan,7878
gani,7878
aniz,7878
niza,7878
nCal,7878
Cali,7878
alif,7878
lifo,7878
ifor,7878
forn,7878
orni,7878
San ,7878
an J,7878
n Jo,7878
 Jos,7878
bAdo,15756
be S,15756
e Sy,15756
 Sys,15756
tems,15756
"ems,",15756
"ms, ",15756
"s, I",15756
Inco,15756
corp,15756
US-D,7878
S-De,7878
-Del,7878
ware,7878
//d.,15756
/d.s,15756
d.sy,15756
symc,39390
ymcb,31512
mcb.,31512
cb.c,31512
b.co,31512
//sc,23634
/sc.,39390
sc.s,23634
c.sy,23634
om/s,15756
m/sc,15756
sc.c,15756
c.cr,15756
ymcd,7878
mcd.,7878
cd.c,7878
d.co,7878
temM,35899
emMe,35899
mMet,20999
Metr,20871
etri,20871
tLas,23648
Last,23648
astA,14802
stAc,14802
tAct,36217
iveP,14802
vePo,14802
ePop,22031
Popu,44526
VerQ,7456
erQu,7456
rQue,7456
eryV,28713
ryVa,28713
yVal,36529
alue,65367
GetF,114513
etFi,105961
ileV,14934
leVe,14934
ionI,14934
onIn,14934
nInf,14934
nfoS,7452
foSi,7452
oSiz,7452
SetC,60221
etCu,71053
tCur,71053
ntDi,29809
tDir,29809
Dire,44933
irec,68144
tory,37064
tMod,28664
Modu,21185
odul,21185
dule,21185
uleF,10879
leFi,10879
strc,28842
trcp,6652
rcpy,6652
temI,37134
emIn,29858
mInf,14222
Wait,12956
aitF,12956
itFo,12956
tFor,26835
ForS,5232
orSi,5232
rSin,5232
gleO,5232
leOb,20922
eObj,27693
ateE,6775
teEv,6775
eEve,6775
Rese,6747
setE,6747
etEv,12978
tEve,12978
ultL,14897
ltLC,7094
tLCI,7094
Glob,87379
loba,87379
obal,87379
balF,22022
alFr,17814
lFre,17814
etSh,7489
tSho,7489
Shor,7489
hort,7489
ortP,7489
rtPa,7489
tPat,7489
Path,68771
athN,22004
thNa,22004
hNam,22004
ileA,28482
leAt,28482
eAtt,28482
Attr,28482
ttri,28482
trib,28482
ribu,28482
ibut,28482
bute,28482
utes,28482
eckM,15165
ckMe,7388
kMen,7388
enuI,52244
nuIt,52244
uIte,52244
ackP,15021
ckPo,15021
kPop,15021
opup,29724
pupM,22250
upMe,22250
pMen,22250
SetF,33774
etFo,27811
Fore,13879
oreg,13879
regr,13879
egro,13879
undW,13879
ndWi,29035
dWin,36383
etSu,7219
tSub,7219
SubM,7219
ubMe,7219
bMen,7219
Curs,21183
urso,21183
rsor,14116
sorP,6893
orPo,6893
SetT,44601
etTi,26093
tTim,21368
assN,7470
ssNa,7470
sNam,7470
indW,15156
SysC,14354
ysCo,14354
sCol,14354
Kill,6986
illT,6986
llTi,6986
lTim,6986
entT,18109
ntTo,7096
tToS,7096
ToSc,7096
oScr,7096
Scre,14232
etDl,45881
tDlg,53665
DlgI,53703
lgIt,53703
gIte,53703
temT,34963
emTe,15602
mTex,15602
endD,15346
ndDl,15346
dDlg,15346
mMes,15346
assL,15447
ssLo,15447
sLon,15447
Long,30006
ateD,38954
teDi,15577
logP,7792
ogPa,7792
gPar,7792
Para,46050
reen,7136
eenT,7136
enTo,7136
nToC,7136
ToCl,7136
oCli,7136
numT,7348
umTh,7348
mThr,7348
eadW,7348
adWi,7348
ForI,7724
rInp,7724
Inpu,7724
nput,7724
putI,7724
utId,7724
tIdl,7724
dowE,52938
owEx,38057
temP,14831
emPa,14831
ters,29758
ersI,14831
rsIn,14831
sInf,30196
terW,7491
erWi,30757
rWin,30757
oseP,7720
ePri,15243
GetJ,7873
etJo,7873
tJob,7873
penP,7763
enPr,7763
nPri,7763
RegQ,21257
egQu,21257
gQue,28902
lueE,27419
ueEx,27419
RegO,28626
egOp,28626
gOpe,28626
penK,28626
enKe,28626
nKey,28626
KeyE,20518
eyEx,20518
RegN,7816
egNo,7816
gNot,7816
ifyC,7816
fyCh,7816
yCha,7816
ngeK,7816
geKe,7816
eKey,45122
KeyV,7816
eyVa,7816
RegC,27811
egCr,22393
gCre,22393
ateK,22393
teKe,37306
RegE,15319
egEn,15319
gEnu,15319
numV,7530
umVa,7530
mVal,7530
RegD,22233
egDe,22233
gDel,22233
eteK,14913
RegS,21804
egSe,21804
gSet,21804
ell_,7569
ll_N,7569
l_No,7569
ifyI,7569
fyIc,7569
yIco,14816
Icon,29909
athS,7830
thSt,7830
hStr,7830
trip,7830
ripT,7830
ipTo,7830
pToR,7830
ToRo,7830
oRoo,7830
athI,7822
thIs,7822
hIsU,7822
IsUN,7822
sUNC,7822
athF,15501
thFi,15501
hFin,15501
indF,14662
ndFi,14662
dFil,12768
indE,7761
ndEx,7761
dExt,7761
athR,15614
thRe,15614
hRem,15614
move,30785
oveE,7824
eExt,7824
oveF,15142
ileS,36441
leSp,7790
eSpe,7790
Spec,7790
ateS,14964
teSt,7842
eStd,7842
StdA,7842
tdAc,7842
dAcc,15570
bleO,15690
ectF,7848
ctFr,7848
tFro,15679
Lres,7831
ultF,7831
ltFr,7831
romO,7831
Form,22091
matM,7045
atMe,7045
tMes,43684
balU,6759
alUn,6759
lUnl,6759
Unlo,14450
nloc,14450
balS,7632
alSi,7632
lSiz,7632
Copy,22710
opyF,7282
pyFi,7282
yFil,22774
Move,22053
etSt,58587
tStr,39797
ngTy,20701
gTyp,20701
ypeE,7808
peEx,7808
tThr,32357
adLo,7201
dLoc,14411
Flus,5947
lush,5947
ushF,5947
shFi,5947
hFil,5947
ileB,5947
leBu,5947
eBuf,5947
Buff,5947
uffe,5947
ffer,5947
ckFi,15414
kFil,15414
SetE,26282
etEn,19080
tEnd,6249
EndO,6249
ndOf,6249
dOfF,6249
OfFi,6249
fFil,6249
Dupl,14894
upli,14894
ateH,14877
teHa,14877
eHan,20841
etVo,7473
tVol,7473
Volu,7473
olum,7473
lume,7473
umeI,7473
meIn,7473
calA,6167
alAl,17564
lAll,17564
TlsG,5321
balR,7463
alRe,22632
lReA,15143
ReAl,20735
eAll,20735
balH,7426
alHa,7426
lHan,14945
TlsA,5959
TlsS,5516
calR,7680
TlsF,6152
mpar,13575
areS,13575
reSt,13575
balG,7827
alGe,7827
GetA,29917
etAt,15685
tAto,15685
Atom,31125
tomN,15685
omNa,15685
mNam,15685
trcm,22190
rcmp,22190
emTi,19361
mTim,19361
imeT,28623
meTo,28623
eToF,14618
ToFi,14618
oFil,14618
ileT,76281
leTi,70840
etEr,6739
tErr,15585
rorM,6739
orMo,6739
rMod,6739
tesE,7484
esEx,7484
calF,20316
alFi,22162
lFil,14435
leSi,13591
eSiz,13591
izeE,15139
eadP,14258
adPr,14258
Prio,7286
rior,7286
iori,7286
orit,7286
esum,6916
sume,6916
umeT,6916
meTh,6916
Susp,7532
uspe,7532
spen,7532
endT,7532
ndTh,7532
dThr,7532
alFl,7753
lFla,7753
Flag,15621
balA,14088
alAd,7713
lAdd,7713
AddA,7713
ddAt,7713
dAto,15440
uleH,10306
leHa,10306
ionE,20835
onEx,13333
balD,7402
alDe,7402
lDel,7402
eteA,7402
teAt,7402
eAto,7402
lFin,7727
ndAt,7727
Free,18021
reeR,7171
eeRe,7171
eRes,7171
etLo,13753
tLoc,21556
aleI,13753
leIn,36957
numR,7819
umRe,7819
mRes,7819
rceL,7819
ceLa,7819
eLan,7819
uage,7819
ages,7819
ertD,7803
ltLo,7803
ntTh,11013
rite,41654
iteP,7523
Prof,22854
rofi,22854
ofil,22854
emDi,7255
mDir,7255
RtlU,5408
tlUn,5408
lUnw,5408
Unwi,5408
nwin,5408
etDr,14699
tDri,14699
iveT,14699
veTy,14699
eTyp,20140
xitT,6857
itTh,6857
ateT,5862
teTh,5862
etCP,5404
tCPI,5404
CPIn,5404
PInf,5404
GetO,21030
etOE,5827
tOEM,5827
OEMC,5827
IsVa,13567
sVal,13567
lidC,6357
idCo,6357
dCod,6357
dePa,6357
ePag,6357
LCMa,12892
Fata,7772
atal,7772
talA,7772
alAp,7772
lApp,7772
AppE,7772
ppEx,7772
pExi,7772
ileI,23204
ionB,7647
onBy,7647
nByH,7647
ByHa,7647
yHan,7647
Peek,14909
eekN,7567
ekNa,7567
kNam,7567
amed,7567
medP,7567
edPi,7567
dPip,7567
leTy,5441
tStd,11130
StdH,11130
tdHa,11130
dHan,11130
reeE,5849
eeEn,5849
eEnv,5849
Envi,18680
entS,11617
ntSt,11617
GetE,5768
tEnv,12831
etCo,49854
SetH,6698
etHa,6698
tHan,6698
dleC,6698
leCo,6698
eCou,11692
tSta,12352
artu,12352
rtup,12352
tupI,12352
upIn,12352
pInf,12352
imeZ,6905
meZo,6905
eZon,6905
Zone,6905
oneI,6905
tCon,35714
Cons,41886
oleC,13958
leCt,7519
trlH,7519
rlHa,7519
izeC,11920
zeCr,11920
eCri,21308
Crit,25911
riti,25911
itic,25911
tica,25911
ical,25911
calS,25911
alSe,25911
lSec,25911
ionA,6289
onAn,6289
nAnd,6289
AndS,6289
ndSp,6289
dSpi,6289
pinC,6289
inCo,6289
nCou,6289
imeF,7656
meFo,7656
eFor,15046
etDa,7390
tDat,7390
Date,7390
ateF,34429
teFo,22699
numS,7626
umSy,7626
mSys,7626
temL,7626
emLo,7626
mLoc,7626
ales,7626
lidL,7210
idLo,7210
oleM,6396
leMo,6396
eMod,6396
SetS,35852
iteC,21921
teCo,28040
eCon,14047
oleO,7485
leOu,7485
eOut,7485
putC,7485
etFu,14515
tFul,14515
Full,14515
ullP,14515
entV,7063
ntVa,7063
tVar,7063
Vari,7063
aria,7063
riab,7063
iabl,7063
Inse,15379
nser,15379
sert,15379
ertM,15379
rtMe,15379
tMen,90511
etMe,97656
enuS,15081
nuSt,15081
uStr,7626
uSta,7455
Char,28063
harU,7682
arUp,7682
rUpp,7682
Uppe,7682
bleW,6974
IsWi,20885
owEn,7078
wEna,7078
GetW,65623
etWi,125199
tWin,132459
dowT,36904
owTh,6972
wThr,6972
dPro,6972
essI,11523
Unho,7315
nhoo,7315
hook,7315
ookW,7315
okWi,7315
kWin,14992
dows,14976
owsH,14976
wsHo,14976
sHoo,14976
Hook,22300
ookE,22300
lorB,7309
orBr,7309
rBru,7309
owTe,22272
wTex,37480
extL,7531
xtLe,7531
tLen,7531
Leng,7531
ateR,37343
teRe,37343
eRec,45210
GetK,14863
etKe,14863
KeyS,7067
eySt,7067
ySta,7067
Call,14795
allN,7324
llNe,7324
lNex,7324
Next,21923
extH,7324
xtHo,7324
tHoo,7324
SetW,59581
okEx,7661
terC,27318
erCl,22715
rCla,22715
tFoc,13932
Focu,13932
etSc,44704
tScr,44704
ollP,14877
llPo,14877
ckDl,7788
kDlg,7788
DlgB,15432
lgBu,15432
gBut,15432
eckR,7829
ckRa,7829
kRad,7829
Radi,7829
adio,7829
dioB,7829
ioBu,7829
oBut,7829
IsDl,7644
sDlg,7644
onCh,7644
nChe,7644
ecke,7644
IsDi,7496
logM,7496
ogMe,7496
gMes,7496
ollW,15273
llWi,22744
lWin,22744
Fill,14940
illR,7093
llRe,7093
lRec,14582
Tabb,7819
abbe,7819
bbed,7819
bedT,7819
edTe,7819
dTex,7819
extO,23213
xtOu,23213
tOut,23213
awTe,15208
rayS,7822
aySt,7822
yStr,7822
dowP,66857
owPl,14856
wPla,14856
IsIc,7213
sIco,7213
coni,7213
Inte,34145
erse,14927
rsec,14927
sect,14927
ctRe,7434
tRec,44368
ollI,14915
llIn,14915
lInf,14915
Defe,23266
ferW,23266
owPo,37315
assI,15365
ssIn,15365
Upda,14603
pdat,14603
ateW,14076
teWi,14076
howS,7446
owSc,7446
wScr,7446
ollR,14912
llRa,14912
lRan,14912
Rang,14912
SetM,30548
ageP,7568
gePo,7568
geTi,7653
etTo,7422
tTop,7422
TopW,7422
opWi,14284
pWin,21549
EndD,14978
ndDe,7747
dDef,7747
Begi,14651
egin,14651
ginD,7758
inDe,7758
nDef,7758
SetA,15052
etAc,21415
iveW,21415
veWi,28821
oveP,7700
vePr,7700
Prop,30864
SetP,23049
etCa,14391
tCap,14391
Capt,21543
aptu,21543
ptur,21543
IsCh,7363
sChi,7363
Chil,7363
WinH,7799
inHe,7799
nHel,7799
bleM,7325
leMe,7325
eMen,22129
dify,15702
ifyM,7840
fyMe,7840
yMen,15016
oadB,7696
adBi,7696
dBit,7696
enuC,7777
nuCh,7777
uChe,7777
ckMa,7777
kMar,7777
Mark,7777
arkD,7777
rkDi,7777
kDim,7777
Dime,7777
imen,7777
mens,7777
temB,7784
emBi,7784
mBit,7784
ndDi,7231
dDia,7231
GetN,7784
etNe,7784
tNex,7784
extD,7784
xtDl,7784
DlgT,7784
lgTa,7784
gTab,7784
TabI,7784
abIt,7784
bIte,7784
logI,7785
ogIn,7785
gInd,7785
Indi,23211
ndir,23211
dire,23211
ectP,15225
ctPa,15225
tPar,22262
howO,7474
owOw,7474
wOwn,7474
wned,7474
nedP,7474
edPo,7474
dPop,7474
eteM,7333
teMe,13672
SetR,22706
etRe,30078
Rect,53167
ectE,22536
ctEm,15276
tEmp,15276
Empt,15276
etDi,7835
tDia,7835
logB,7835
ogBa,7835
gBas,7835
aseU,7835
seUn,7835
eUni,7835
Unit,7835
Brin,7660
ingW,7660
ngWi,7660
gWin,7660
owTo,7660
wToT,7660
ToTo,7660
enuB,7868
nuBa,7868
uBar,7868
BarI,7868
arIn,7868
Reus,7828
euse,7828
useD,7828
seDD,7828
eDDE,7828
DDEl,15642
DElP,15642
ElPa,15642
lPar,15642
Unpa,7814
npac,7814
ackD,7814
ckDD,7814
kDDE,7814
dowF,7209
owFr,7209
wFro,7209
KeyN,7796
eyNa,7796
yNam,7796
ameT,7796
meTe,7796
eTex,7796
MapV,7580
apVi,7580
pVir,7580
Virt,17993
ualK,7580
alKe,7580
lKey,7580
IsRe,7513
sRec,7513
mMen,7403
etPa,14477
Unio,7815
nion,7815
ionR,7815
onRe,7815
nRec,15027
etDC,15113
tDCE,7525
tDev,6959
iceC,6959
ceCa,6959
eCap,14111
opyM,7868
pyMe,7868
yMet,23599
etaF,31448
taFi,31448
aFil,31448
teDC,7647
etPo,7847
tPol,7847
Poly,31200
olyF,7847
lyFi,7847
illM,7847
llMo,7847
lMod,7847
tret,15182
retc,15182
etch,15182
tchB,15326
chBl,7479
hBlt,7479
BltM,7479
ltMo,7479
SetG,7863
etGr,7863
tGra,7863
Grap,7863
phic,7863
hics,7863
icsM,7863
csMo,7863
sMod,7863
etWo,7857
tWor,7857
Worl,15719
orld,15719
rldT,15719
ldTr,15719
dTra,15719
nsfo,15719
sfor,15719
fyWo,7862
yWor,7862
etMa,23279
tMap,23279
MapM,15411
apMo,15411
pMod,15411
tCli,60759
Clip,61401
lipB,7389
ipBo,7389
Excl,7498
xclu,7498
udeC,7498
deCl,7498
eCli,7498
lipR,46156
ipRe,14991
pRec,14991
ectC,30832
ctCl,30832
Offs,30869
ffse,30869
fset,30869
setC,7859
ipRg,31165
extA,7738
xtAl,7738
tAli,7738
Alig,7738
extJ,7861
xtJu,7861
tJus,7861
Just,7861
usti,7861
stif,7861
extC,14909
xtCh,7852
tCha,15724
hara,7852
arac,7852
ract,15693
acte,7852
cter,7852
terE,7852
rExt,7852
Extr,15693
Mapp,7868
perF,7868
erFl,7868
rFla,7868
etAr,7869
tArc,7869
ArcD,7869
rcDi,7869
cDir,7869
tCol,14925
lorA,7868
orAd,7868
rAdj,7868
Adju,15128
ustm,7868
stme,7868
tmen,7868
lipP,7856
ipPa,7856
pPat,7856
etVi,30614
tVie,30614
iewp,38393
ewpo,38393
wpor,38393
ortE,23321
rtEx,23321
ExtE,46639
wExt,23318
etPi,7273
tPix,7273
Pixe,7273
rtDo,7814
tDoc,7814
PtVi,7786
tVis,15220
Visi,22082
isib,22082
ectV,7434
ctVi,7434
ortO,15072
rtOr,15072
tOrg,15072
OrgE,37995
setV,7786
aleV,7779
leVi,7779
eVie,7779
dowO,15335
owOr,15335
wOrg,15335
setW,7852
aleW,7780
tPos,7502
Posi,7502
olyD,7685
lyDr,7685
yDra,7685
olyl,7866
lyli,7866
ylin,7866
line,7866
ineT,7866
olyB,7802
lyBe,7802
yBez,7802
Bezi,7802
ezie,7802
zier,7802
ierT,7802
ExtS,7778
xtSe,7778
tSel,7778
teDI,7866
eDIB,7866
DIBP,7866
IBPa,7866
BPat,7866
Patt,15613
tter,15613
ernB,15613
rnBr,15613
nBru,15613
ushP,7866
tePa,7747
ePat,7747
tPal,7440
Play,15731
ayMe,15731
ileR,7867
leRe,15739
Reco,7867
ecor,7867
etOb,15203
tObj,29808
ectT,7820
ctTy,7820
tTyp,7820
numM,7849
umMe,7849
ExtC,7662
xtCr,7662
tCre,7662
tePe,15247
eHat,7847
Hatc,7847
chBr,7847
hBru,7847
tDCO,7588
DCOr,7588
COrg,7588
ctRg,23197
etCh,7872
harW,7872
arWi,7872
rWid,7872
Widt,7872
idth,7872
eFon,15309
tchD,7703
chDI,7703
hDIB,7703
DIBi,7703
IBit,7703
extM,7721
xtMe,7721
tMet,7721
rics,7721
GetB,7743
etBk,21964
tBkC,14820
BkCo,14820
kCol,14820
Docu,7785
ocum,7785
cume,7785
ntPr,16554
rope,7785
pert,7785
rtie,7785
ties,7785
eTit,7853
Titl,7853
itle,7853
numK,7789
umKe,7789
mKey,7789
SHGe,7763
HGet,7763
xtra,7841
trac,7841
actI,7841
ctIc,7841
tIco,7841
ragF,7639
agFi,7639
gFin,7639
Fini,7639
inis,7639
ragQ,7645
agQu,7645
eryF,7645
ryFi,7645
ertS,7875
rtSt,7875
iteF,12210
teFm,7873
eFmt,7873
FmtU,15748
mtUs,15748
serT,23620
ypeS,15748
peSt,15748
teCl,7874
eCla,7874
assS,15748
ssSt,15748
OleR,7872
eReg,7872
RegG,7872
egGe,7872
gGet,7872
Read,20777
eadF,12903
adFm,7875
dFmt,7875
eadC,7874
adCl,7874
dCla,7874
ateB,15140
teBi,15140
eBin,7776
Bind,7776
ndCt,7776
aseS,7846
seSt,7846
eStg,7846
StgM,7846
tgMe,7846
gMed,7846
Medi,7846
ediu,7846
romC,7615
omCL,7615
mCLS,7615
CLSI,15113
CoTr,7875
oTre,7875
Trea,7875
eatA,7875
atAs,7875
tAsC,7875
AsCl,7875
sCla,7875
OleD,7864
leDu,7864
eDup,7864
teDa,7864
CoDi,7803
oDis,7803
Disc,7803
isco,7803
scon,7803
conn,7803
onne,7803
nnec,7803
nect,7803
ectO,14605
ctOb,14605
LSID,7498
SIDF,7498
IDFr,7498
DFro,7498
romS,7498
omSt,7498
mStr,7498
CoIn,7587
oIni,7587
ltiB,9179
tiBy,9179
iByt,9179
yteT,4522
teTo,4522
eToW,4522
ToWi,4522
oWid,4522
ideC,9179
deCh,9179
eCha,9179
reeL,5001
eeLi,5001
rocA,2924
ocAd,2924
cAdd,2924
oadL,17173
dLib,17173
izeo,6375
zeof,6375
eofR,6375
ofRe,6375
fRes,6375
ockR,6467
ckRe,6467
kRes,6467
oadR,6297
adRe,6297
dRes,13386
indR,7089
ndRe,7089
astE,8846
stEr,8846
harT,4657
arTo,4657
rToM,4657
ToMu,4657
oMul,4657
eapR,5592
apRe,5592
pReA,5592
ndCl,5549
dClo,5549
indN,6815
ndNe,6815
dNex,6815
extF,6815
xtFi,6815
dFir,6922
Firs,6922
irst,6922
rstF,6922
stFi,6922
Post,14115
ostM,7308
stMe,7308
troy,21007
royM,7176
oyMe,7176
oadM,7805
adMe,7805
dMen,15597
ndMe,15000
dMes,7208
oadS,7248
adSt,7248
royW,6584
oyWi,6584
dowV,6862
owVi,6862
wVis,6862
EndP,6888
dPai,6888
entR,6856
ntRe,6856
ginP,6893
inPa,6893
nPai,6893
DefW,7215
efWi,7215
fWin,7215
owPr,14686
wPro,14686
howW,6290
owWi,6290
wWin,6290
dowR,14081
owRe,14081
wRec,14081
assE,7431
ssEx,7431
ostQ,6807
stQu,6807
tQui,6807
Quit,6807
uitM,6807
itMe,6807
tchM,7167
chMe,7167
hMes,7167
oveW,7406
ExtT,7643
xtTe,7643
xtCo,7057
SetB,14221
tSto,6925
Stoc,6925
tock,6925
ockO,6925
egCl,5418
gClo,5418
oseK,5418
seKe,5418
eteV,7320
teVa,7320
ellE,7312
llEx,7312
lExe,7312
cute,7312
trle,12916
rlen,12916
balL,6760
alLo,6760
lLoc,6760
eteF,6642
teFi,22709
cmpi,7343
terl,19218
erlo,19218
rloc,19218
ocke,19218
cked,19218
kedD,6381
edDe,6381
dDec,6381
Decr,6381
ecre,6381
crem,12741
kedI,6360
edIn,6360
dInc,6360
Incr,6360
ncre,6360
eToS,6997
ToSy,6997
oSys,6997
eToL,7008
ToLo,7008
oLoc,7008
eadI,4329
kedE,6477
aryE,6543
tPri,15331
eInt,7794
Rais,5568
aise,5568
iseE,5568
seEx,5568
Term,4526
Unha,9575
nhan,9575
hand,9575
dled,9575
ledE,9575
ionF,9575
SetU,5062
etUn,5062
tUnh,5062
IsDe,5799
sDeb,5799
Debu,5799
ebug,5799
bugg,5799
ugge,5799
gger,5799
gerP,5799
rPre,5799
eapS,6044
apSi,6044
pSiz,6044
eapC,6466
apCr,6466
pCre,6466
eapD,6756
apDe,6756
pDes,6756
ualF,5391
ualA,5022
eryP,4994
ryPe,4994
yPer,4994
Perf,4994
erfo,4994
rfor,4994
manc,4994
nceC,4994
ceCo,4994
unte,4994
tTic,4725
Tick,4725
ickC,4725
kCou,4725
imeA,5173
meAs,5173
eAsF,5173
AsFi,5173
sFil,5173
oveM,7471
veMe,7471
temC,7251
emCo,7251
mCou,7251
dowL,14559
owLo,14559
wLon,14559
aseD,6843
oadC,7223
adCu,7223
dCur,7223
eekM,7342
ekMe,7342
kMes,7342
PtIn,7212
tInR,7212
InRe,7212
DlgC,7524
lgCt,7524
gCtr,7524
trlI,7524
tDes,6862
Desk,6862
eskt,6862
skto,6862
ktop,6862
topW,6862
royI,7247
oyIc,7247
setR,7372
opyR,7560
pyRe,7560
yRec,7560
allW,7471
Equa,7489
qual,7489
ualR,7489
ustW,7260
stWi,7260
nfoE,7666
foEx,7666
enuE,7660
MapW,7265
apWi,7265
wPoi,7265
adIc,7286
dIco,7286
Infl,7312
nfla,7312
ansl,13937
nsla,13937
slat,13937
eAcc,7598
ccel,15326
cele,15326
eler,15326
lera,15326
ator,15326
tePo,7229
oadA,7728
adAc,7728
tors,7728
aseC,7152
seCa,7152
ockW,7677
ckWi,7677
dowU,7677
owUp,7677
wUpd,7677
eteO,6771
teOb,6771
esto,7350
stor,7350
tore,7350
oreD,7350
tBkM,7144
BkMo,7144
kMod,7144
oveT,7295
veTo,7295
eToE,7295
eteD,6856
eBit,14404
eCom,13993
mpat,13993
pati,13993
atib,13993
tibl,13993
bleD,6953
teSo,7122
eSol,7122
Soli,7122
olid,7122
lidB,7122
idBr,7122
dBru,7122
ontI,7664
ntIn,7664
tInd,7664
tRgn,7762
RgnI,7762
gnIn,7762
nInd,7762
mbin,7745
bine,7745
ineR,7745
neRg,7745
bleB,7040
leBi,7040
CoTa,14319
oTas,14319
Task,14319
askM,14319
skMe,14319
kMem,14319
MemF,6993
mFre,6993
MemA,7326
emAl,7326
mAll,7326
CoCr,6723
oCre,6723
teIn,6723
eIns,6723
tanc,6723
CoUn,6862
oUni,6862
Unin,6862
nini,6862
Ente,4603
erCr,4603
rCri,4603
Leav,4539
eave,4539
aveC,4539
veCr,4539
oseH,3505
seHa,3505
eteC,4849
teCr,4849
eapF,5048
apFr,5048
pFre,5048
essH,5685
ssHe,5685
sHea,5685
eapA,5013
apAl,5013
pAll,5013
ateM,6339
eMes,6339
adFi,5028
ileP,5494
lePo,5494
