0347185591aa14a0833bc62bda2558ab8fbd5b653b335a0467b981da460d1f68,UPXV200V290MarkusOberhumerLaszloMolnarJohnReiser
03cb9e34996df6bb4a38ed08ed6ab77a399906ea19d5e2c969eeb762b6e050cb,UPXV200V290MarkusOberhumerLaszloMolnarJohnReiser
03da39f0520e96e054150fb4ba9520fc5427dc8b256466ae614f4cf75a565633,NETexecutableMicrosoft
06fbf84c94698c7b1f241ef3b2e5ba0dfd9d839bbfad8a1dfe1eb70583d07a67,BobSoftMiniDelphiBoBBobSoft
142f8cd20af1065eed8685056977b16f3e3b3c6da877abdd244f1519cd4b3b32,UPX290LZMAMarkusOberhumerLaszloMolnarJohnReiser
24bc2aa7656d66124b4db9f2bf4ecb758ce965f00b44cbe376124ae22240fc61,MicrosoftVisualCV80Debug
25934df89220879a9ac37e526ac43238d775fbcf3e3bb63f17140e466420729f,ASPackv10803AlexeySolodovnikov
2a6fb8b8ffef3047ae754bc4e89f9a1842f40613002396e484610fcd184141ee,NETexecutableMicrosoft
2bef445e522580e3de4c508848ba85ff861b5cadbb814fab4da277b23f8a5a33,NETDLLMicrosoft
4efe1811503c6b90f90371153ce34db44c180b6471a428bc8ef85d3e28191c64,UPXV200V290MarkusOberhumerLaszloMolnarJohnReiser
5d846f06677bba47cd1609bee800a63625b78c3aa96782e551571b310a06ea96,NETexecutableMicrosoft
6c5f361c9a730c4ede57c89011fb64054cd7194bdda7587b60ff3ee5cc4fe763,NETexecutableMicrosoft
884be2d3833d15052a3b506c6b5b0ece49ec760359f91d8efa0f0718e8f794d5,NETexecutableMicrosoft
936ff56db5512899427188afc4eabf537e715a756f772de07b79420f42531227,UPXv20MarkusLaszloReiser
ab9d37e0ea007708dd685632255fbf66c240d7747ba0882ceb96cbffb047fc42,UPXv20MarkusLaszloReiser
b5daf16e49a12276cbdd2862226e9090fd411659d368682b4b4d350db4a9e883,NETexecutableMicrosoft
bd964732544778486c31843b1d1363ae0fbf578ccdbc111f74d5219ac5d9d609,NETexecutableMicrosoft
fb413df2516d0af9bbb4d5ae98ae6f7e0985a36013ddd3b088f3c087f48e8f2b,UPXV200V290MarkusOberhumerLaszloMolnarJohnReiser
